,product_links
0,https://hu.milwaukeetool.eu/hu-hu/m18-resistant-50-ah-battery/m18-b5-cr/
1,"https://hu.milwaukeetool.eu/hu-hu/3,0-ah-redlithium-usb-akkumulator/l4-b3/"
2,https://hu.milwaukeetool.eu/hu-hu/mxf-cp/mxf-cp/
3,https://hu.milwaukeetool.eu/hu-hu/mx-fuel-akkumulator-es-tolto-szett/mxf-nrg/
4,https://hu.milwaukeetool.eu/hu-hu/mxf-xc/mxf-xc/
5,https://hu.milwaukeetool.eu/akumulatorove/akumulatory-a%c2%a0nabijecky/akumulatory/mxf-xc406-(1)/
6,https://hu.milwaukeetool.eu/hu-hu/m18-high-output-80-ah-akkumulator/m18-hb8/
7,https://hu.milwaukeetool.eu/hu-hu/m18-high-output-55-ah-akkumulator/m18-hb5-5/
8,https://hu.milwaukeetool.eu/hu-hu/m18-high-output-30-ah-akkumulator/m18-hb3/
9,https://hu.milwaukeetool.eu/hu-hu/m18-high-output-120-ah-akkumulator/m18-hb12/
10,https://hu.milwaukeetool.eu/hu-hu/m12-60-ah-akkumulator/m12-b6/
11,https://hu.milwaukeetool.eu/hu-hu/m12-30-ah-akkumulator/m12-b3/
12,https://hu.milwaukeetool.eu/hu-hu/m18-50-ah-akkumulator/m18-b5/
13,https://hu.milwaukeetool.eu/hu-hu/m28-50-ah-akkumulator/m28-b5/
14,"https://hu.milwaukeetool.eu/hu-hu/m12-4,0-ah-akkumulator/m12-b4/"
15,"https://hu.milwaukeetool.eu/hu-hu/m18-4,0-ah-akkumulator/m18-b4/"
16,"https://hu.milwaukeetool.eu/hu-hu/m18-2,0-ah-akkumulator/m18-b2/"
17,"https://hu.milwaukeetool.eu/hu-hu/m12-2,0-ah-akkumulator/m12-b2/"
18,"https://hu.milwaukeetool.eu/hu-hu/m28-3,0-ah-akkumulator/m28-bx/"
19,https://hu.milwaukeetool.eu/hu-hu/m14-b4/m14-b4/
20,"https://hu.milwaukeetool.eu/hu-hu/m14-1,5-ah-akkumulator/m14-b/"
21,https://hu.milwaukeetool.eu/hu-hu/m4-b2/m4-b2/
22,https://hu.milwaukeetool.eu/hu-hu/m12-m18-szupertolto/m12-18-sc/
23,https://hu.milwaukeetool.eu/akumulatorove/akumulatory-a%c2%a0nabijecky/nabijecky/mxf-c-(1)/
24,https://hu.milwaukeetool.eu/hu-hu/m18-dual-gyorstolto/m18-dfc/
25,https://hu.milwaukeetool.eu/hu-hu/m12-m18-autos-tolto/m12-18-ac/
26,https://hu.milwaukeetool.eu/hu-hu/m12-kompakt-tolto-es-aramforras/m12-tc/
27,https://hu.milwaukeetool.eu/hu-hu/m12-m18-gyorstolto/m12-18-fc/
28,https://hu.milwaukeetool.eu/hu-hu/m12-4-helyes-akkutolto/m12-c4/
29,https://hu.milwaukeetool.eu/hu-hu/m14-m18-multi-tolto/m1418c6/
30,https://hu.milwaukeetool.eu/hu-hu/m12-m18-intelligens-tolto/m12-18-c/
31,https://hu.milwaukeetool.eu/hu-hu/m18-radio-tolto-bluetooth-kapcsolattal/m18-rc/
32,https://hu.milwaukeetool.eu/hu-hu/m12-tolto/c12-c/
33,https://hu.milwaukeetool.eu/hu-hu/28-v-tolto/m28-c/
34,https://hu.milwaukeetool.eu/hu-hu/m4-tolto/m4-c/
35,https://hu.milwaukeetool.eu/hu-hu/m18-nrgcr-502/m18-nrgcr-502/
36,https://hu.milwaukeetool.eu/hu-hu/m18-high-output-nrg-szett/m18-hnrg-802/
37,https://hu.milwaukeetool.eu/hu-hu/m18-high-output-nrg-szett/m18-hnrg-552/
38,https://hu.milwaukeetool.eu/hu-hu/m18-high-output-nrg-szett/m18-hnrg-302/
39,https://hu.milwaukeetool.eu/hu-hu/m18-high-output-nrg-szett/m18-hnrg-122/
40,https://hu.milwaukeetool.eu/hu-hu/usb-csatlakozo/cusb/
41,https://hu.milwaukeetool.eu/hu-hu/m12-nrg-pack/m12-nrg-603/
42,https://hu.milwaukeetool.eu/hu-hu/m18-nrg-szett/m18-nrg-402/
43,https://hu.milwaukeetool.eu/hu-hu/m12-nrg-pack/m12-nrg-402/
44,https://hu.milwaukeetool.eu/hu-hu/m12-nrg-pack/m12-nrg-303/
45,https://hu.milwaukeetool.eu/hu-hu/m18-nrg-szett/m18-nrg-202/
46,https://hu.milwaukeetool.eu/hu-hu/m12-nrg-pack/m12-nrg-202/
47,https://hu.milwaukeetool.eu/hu-hu/m18-nrg-pack/m18-nrg-502/
48,https://hu.milwaukeetool.eu/hu-hu/m12-nrg-pack/m12-nrg-602/
49,https://hu.milwaukeetool.eu/hu-hu/m12-nrg-pack/m12-nrg-302/
50,https://hu.milwaukeetool.eu/hu-hu/redlithium-usb-battery-and-charger/l4-nrg-201/
51,https://hu.milwaukeetool.eu/hu-hu/m12-nrg-szett/m12-nrg-201/
52,https://hu.milwaukeetool.eu/hu-hu/m18-nrg-szett/m18-nrg-503/
53,https://hu.milwaukeetool.eu/hu-hu/m18-fuel-one-key-utvefuro-csavarozo/m18-onepd2/
54,https://hu.milwaukeetool.eu/hu-hu/m18-szenkefe-nelkuli-utvefuro-csavarozo/m18-blpd2/
55,https://hu.milwaukeetool.eu/hu-hu/m18-fuel-utvefuro-csavarozo/m18-fpd2/
56,https://hu.milwaukeetool.eu/hu-hu/m18-kompakt-szenkefe-nelkuli-utvefuro-csavarozo/m18-cblpd/
57,https://hu.milwaukeetool.eu/hu-hu/m12-fuel-szuperkompakt-leveheto-tokmanyu-utvefuro-csavarozo/m12-fpdx/
58,https://hu.milwaukeetool.eu/hu-hu/m12-fuel-szuperkompakt-utvefuro-csavarozo/m12-fpd/
59,https://hu.milwaukeetool.eu/hu-hu/m18-kompakt-utvefuro-csavarozo/m18-bpd/
60,https://hu.milwaukeetool.eu/hu-hu/m12-szuperkompakt-utvefuro-csavarozo/m12-bpd/
61,https://hu.milwaukeetool.eu/akumulatorove/vrtani-a%c2%a0sekani/vrtaci-sroubovaky/m12-ftb/
62,https://hu.milwaukeetool.eu/hu-hu/m18-fuel-sarokfuro/m18-crad2/
63,https://hu.milwaukeetool.eu/hu-hu/m18-fuel-super-hawg-ketsebesseges-sarokfuro-csavarozo/m18-frad2/
64,https://hu.milwaukeetool.eu/hu-hu/m12-fuel-cserelheto-tokmanyu-furocsavarozo/m12-fddx/
65,https://hu.milwaukeetool.eu/hu-hu/m18-fuel-one-key-furocsavarozo/m18-onedd2/
66,https://hu.milwaukeetool.eu/hu-hu/m18-szenkefe-nelkuli-furocsavarozo/m18-bldd2/
67,https://hu.milwaukeetool.eu/hu-hu/m18-fuel-furocsavarozo/m18-fdd2/
68,https://hu.milwaukeetool.eu/hu-hu/m18-kompakt-szenkefe-nelkuli-furocsavarozo/m18-cbldd/
69,https://hu.milwaukeetool.eu/hu-hu/m12-fuel-szuperkompakt-furocsavarozo/m12-fdd/
70,https://hu.milwaukeetool.eu/hu-hu/m18-kompakt-furocsavarozo/m18-bdd/
71,https://hu.milwaukeetool.eu/hu-hu/m18-kompakt-sarokfuro/c18-rad/
72,https://hu.milwaukeetool.eu/hu-hu/m12-szuperkompakt-leveheto-tokmanyu-furocsavarozo/m12-bddx/
73,https://hu.milwaukeetool.eu/hu-hu/m12-szuperkompakt-furocsavarozo/m12-bdd/
74,https://hu.milwaukeetool.eu/hu-hu/m12-szuperkompakt-sarokfuro/c12-rad/
75,https://hu.milwaukeetool.eu/hu-hu/m12-szuperkompakt-csavarozo/m12-bd/
76,https://hu.milwaukeetool.eu/hu-hu/m4-csavarbehajto/m4-d/
77,https://hu.milwaukeetool.eu/hu-hu/m18-fuel-nagy-teljesitmenyu-4-fokozatu-32-mm-sds-plus-kalapacs-one-key-funkcioval-es-fixtec-tokmannyal/m18-onefhpx/
78,https://hu.milwaukeetool.eu/hu-hu/m18-fuel-nagy-teljesitmenyu-sds-plus-kalapacs-csatlakoztathato-porelszivoval/m18-onefhpxdel/
79,https://hu.milwaukeetool.eu/hu-hu/m18-fuel-4-fokozatu-sds-plus-kalapacs-fixtec-tokmannyal-es-one-key-technologiaval/m18-onefhx/
80,"https://hu.milwaukeetool.eu/hu-hu/m18-fuel-4-fokozatu-sds-plus-kalapacs-fixtec-tokmannyal,-one-key-funkcioval-es-csatlakoztathato-porelszivoval/m18-onefhxdel/"
81,https://hu.milwaukeetool.eu/hu-hu/m18-fuel-4-fokozatu-sds-plus-kalapacs-one-key-funkcioval/m18-onefh/
82,https://hu.milwaukeetool.eu/hu-hu/m18-fuel-4-fokozatu-26-mm-sds-plus-kalapacs/m18-fh/
83,https://hu.milwaukeetool.eu/hu-hu/m18-fuel-nagy-teljesitmenyu-4-fokozatu-32-mm-sds-plus-kalapacs-one-key-funkcioval/m18-onefhp/
84,https://hu.milwaukeetool.eu/hu-hu/m18-szenkefe-nelkuli-4-fokozatu-26-mm-sds-plus-kalapacs-fixtec-tokmannyal/m18-blhx/
85,https://hu.milwaukeetool.eu/hu-hu/m18-fuel-szenkefe-nelkuli-4-fokozatu-26-mm-sds-plus-kalapacs/m18-blh/
86,https://hu.milwaukeetool.eu/hu-hu/m18-fuel-4-fokozatu-26-mm-sds-plus-kalapacs-fixtec-tokmannyal/m18-fhx/
87,https://hu.milwaukeetool.eu/hu-hu/m18-sds-plus-d-handle-rotary-hammer/m18-chd/
88,https://hu.milwaukeetool.eu/hu-hu/m28-fuel-4-fokozatu-sds-plus-kalapacs-fixtec-tokmannyal/m28-chpx/
89,https://hu.milwaukeetool.eu/hu-hu/m28-fuel-4-fokozatu-sds-plus-kalapacs-fixtec-tokmannyal-es-porelszivoval/m28-chpxde/
90,https://hu.milwaukeetool.eu/hu-hu/m18-fuel-nagy-teljesitmenyu-4-fokozatu-sds-plus-kalapacs-fixtec-tokmannyal/m18-chpx/
91,https://hu.milwaukeetool.eu/hu-hu/m18-fuel-4-fokozatu-sds-plus-kalapacs-fixtec-tokmannyal/m18-chx/
92,https://hu.milwaukeetool.eu/hu-hu/m18-4-fokozatu-sds-plus-kalapacs-fixtec-tokmannyal/hd18-hx/
93,https://hu.milwaukeetool.eu/hu-hu/m18-kompakt-2-fokozatu-sds-plus-kalapacs/m18-bh/
94,https://hu.milwaukeetool.eu/hu-hu/m12-fuel-szuperkompakt-sds-plus-kalapacs/m12-ch/
95,https://hu.milwaukeetool.eu/hu-hu/m12-szuperkompakt-sds-plus-kalapacs/m12-h/
96,https://hu.milwaukeetool.eu/hu-hu/m18-4-fokozatu-sds-plus-kalapacs/hd18-h/
97,https://hu.milwaukeetool.eu/hu-hu/m18-fuel-one-key-8-kg-sds-max-furo-bonto-kalapacs/m18-fhm/
98,https://hu.milwaukeetool.eu/hu-hu/m18-fuel-magnestalpas-furoallvany/m18-fmdp/
99,https://hu.milwaukeetool.eu/hu-hu/m12-fuel-surge-8243;-hex-hidraulikus-utvecsavarozo/m12-fqid/
100,https://hu.milwaukeetool.eu/hu-hu/m18-fuel-one-key-8243;-hex-utvecsavarozo/m18-oneid2/
101,https://hu.milwaukeetool.eu/hu-hu/m18-szenkefe-nelkuli-1-4-hex-utvecsavarozo/m18-blid2/
102,https://hu.milwaukeetool.eu/hu-hu/m18-fuel-1-4-hex-utvecsavarozo/m18-fid2/
103,https://hu.milwaukeetool.eu/hu-hu/m18-kompakt-szenkefe-nelkuli-8243;-hex-utvecsavarozo/m18-cblid/
104,https://hu.milwaukeetool.eu/hu-hu/m12-fuel-szuperkompakt-8243;-hex-utvecsavarozo/m12-fid/
105,https://hu.milwaukeetool.eu/hu-hu/m18-fuel-surge-1-4-hex-hidraulikus-utvecsavarozo/m18-fqid/
106,https://hu.milwaukeetool.eu/hu-hu/m12-szuperkompakt-sarok-utvecsavarozo/m12-braid/
107,https://hu.milwaukeetool.eu/hu-hu/m18-sarok-utvecsavarozo/m18-braid/
108,https://hu.milwaukeetool.eu/hu-hu/m18-kompakt-szenkefe-nelkuli-utvecsavarozo/m18-blid/
109,https://hu.milwaukeetool.eu/hu-hu/m18-kompakt-8243;-hex-utvecsavarozo/m18-bid/
110,https://hu.milwaukeetool.eu/hu-hu/m12-szuperkompakt-8243;-hex-utvecsavarozo/m12-bid/
111,https://hu.milwaukeetool.eu/hu-hu/m18-fuel-one-key-1-8243;-nagy-nyomateku-d-fogantyus-utvecsavarozo-biztositogyuruvel/m18-onefhiwf1d/
112,https://hu.milwaukeetool.eu/hu-hu/m18-fuel-3-8-kozepes-nyomateku-utvecsavarozo-biztositogyuruvel/m18-fmtiw2f38/
113,https://hu.milwaukeetool.eu/hu-hu/m18-fuel-7-16-hex-nagy-nyomateku-utvecsavarozo-one-key-funkcioval/m18-onefhiwh716/
114,https://hu.milwaukeetool.eu/hu-hu/m18-fuel-one-key-1-8243;-nagy-nyomateku-d-fogantyus-utvecsavarozo-biztositogyuruvel/m18-onefhiwf1ds/
115,https://hu.milwaukeetool.eu/hu-hu/m18-fuel-1-2-kozepes-nyomateku-utvecsavarozo-biztositogyuruvel/m18-fmtiw2f12/
116,https://hu.milwaukeetool.eu/hu-hu/m18-fuel-1-2-kozepes-nyomateku-utvecsavarozo-rogzitocsappal/m18-fmtiw2p12/
117,https://hu.milwaukeetool.eu/hu-hu/m18-fuel-1-2-kompakt-utvecsavarozo-biztositogyuruvel/m18-fiw2f12/
118,https://hu.milwaukeetool.eu/hu-hu/m18-fuel-1-2-kompakt-utvecsavarozo-utkozocsappal/m18-fiw2p12/
119,https://hu.milwaukeetool.eu/hu-hu/m18-fuel-3-8-kompakt-utvecsavarozo-biztositogyuruvel/m18-fiw2f38/
120,https://hu.milwaukeetool.eu/hu-hu/m18-fuel-one-key-189;-8243;-nagy-nyomateku-utvecsavarozo-biztositogyuruvel/m18-onefhiwf12e/
121,https://hu.milwaukeetool.eu/hu-hu/m12-fuel-189;-8243;-sarok-utvecsavarozo-biztositogyuruvel/m12-fraiwf38/
122,https://hu.milwaukeetool.eu/hu-hu/m12-fuel-8243;-sarok-utvecsavarozo-biztositogyuruvel/m12-fraiwf12/
123,https://hu.milwaukeetool.eu/hu-hu/m18-fuel-one-key-1-8243;-nagy-nyomateku-utvecsavarozo-biztositogyuruvel/m18-onefhiwf1/
124,https://hu.milwaukeetool.eu/hu-hu/m12-fuel-szuperkompakt-8243;-utvecsavarozo/m12-fiwf12/
125,https://hu.milwaukeetool.eu/hu-hu/m12-fuel-szuperkompakt-8243;-utvecsavarozo/m12-fiw38/
126,https://hu.milwaukeetool.eu/hu-hu/m12-fuel-szuperkompakt-8243;-utvecsavarozo/m12-fiw14/
127,https://hu.milwaukeetool.eu/hu-hu/m18-fuel-one-key-190;-8243;-nagy-nyomateku-utvecsavarozo-biztositogyuruvel/m18-onefhiwf34/
128,https://hu.milwaukeetool.eu/hu-hu/m18-fuel-one-key-189;-8243;-nagy-nyomateku-utvecsavarozo-biztositogyuruvel/m18-onefhiwf12/
129,https://hu.milwaukeetool.eu/hu-hu/m18-fuel-one-key-8243;-nagy-nyomateku-utvecsavarozo-utkozocsappal/m18-onefhiwp12/
130,https://hu.milwaukeetool.eu/hu-hu/m18-fuel-1-2-nagy-nyomateku-utvecsavarozo-utkozocsappal/m18-fhiwp12/
131,https://hu.milwaukeetool.eu/hu-hu/m18-fuel-1-2-nagy-nyomateku-utvecsavarozo-biztositogyuruvel/m18-fhiwf12/
132,https://hu.milwaukeetool.eu/hu-hu/m18-fuel-one-key-8243;-utvecsavarozo-biztositogyuruvel/m18-oneiwf12/
133,https://hu.milwaukeetool.eu/hu-hu/m18-fuel-one-key-8243;-utvecsavarozo-utkozocsappal/m18-oneiwp12/
134,https://hu.milwaukeetool.eu/hu-hu/m18-3-8-sarok-utvecsavarozo/m18-braiw/
135,https://hu.milwaukeetool.eu/hu-hu/m18-8243;-utvecsavarozo/m18-biw12/
136,https://hu.milwaukeetool.eu/hu-hu/m18-8243;-utvecsavarozo/m18-biw38/
137,https://hu.milwaukeetool.eu/hu-hu/m18-utvecsavarozo-utkozocsappal/hd18-hiw/
138,https://hu.milwaukeetool.eu/hu-hu/m12-szuperkompakt-8243;-utvecsavarozo/m12-biw12/
139,https://hu.milwaukeetool.eu/hu-hu/m18-fuel-15-ga-finiselo-szegbelovo/m18-fn15ga/
140,https://hu.milwaukeetool.eu/hu-hu/m18-fuel-16-ga-finiselo-szegbelovo/m18-fn16ga/
141,https://hu.milwaukeetool.eu/hu-hu/m18-fuel-21-176;-szerkezetepito-szegbelovo/m18-ffn21/
142,https://hu.milwaukeetool.eu/hu-hu/m18-fuel-34-176;-szerkezetepito-szegbelovo/m18-ffns/
143,https://hu.milwaukeetool.eu/hu-hu/m18-fuel-szerkezetepito-szegbelovo/m18-ffn/
144,https://hu.milwaukeetool.eu/hu-hu/m18-fuel-tuzogep/m18-fncs18gs/
145,https://hu.milwaukeetool.eu/hu-hu/m18-fuel-18-gs-finiselo-szogbelovo/m18-fn18gs/
146,https://hu.milwaukeetool.eu/hu-hu/m12-szuperkompakt-tuzogep/m12-bst/
147,https://hu.milwaukeetool.eu/hu-hu/m12-szuperkompakt-marokfogantyus-szogbeuto/c12-pn/
148,https://hu.milwaukeetool.eu/hu-hu/m18-fuel-csavarozo-gipszkartonhoz-csavarozotarral/m18-fsgc/
149,https://hu.milwaukeetool.eu/hu-hu/m18-fuel-csavarozo-gipszkartonhoz/m18-fsg/
150,https://hu.milwaukeetool.eu/hu-hu/m18-collated-attachment/ca55/
151,https://hu.milwaukeetool.eu/hu-hu/m12-szuperkompakt-egysebesseges-csavarozo/m12-bsd/
152,https://hu.milwaukeetool.eu/hu-hu/m12-fuel-szuperkompakt-csavarozo/m12-cd/
153,https://hu.milwaukeetool.eu/hu-hu/m18-fuel-popszegecshuzo-one-key-technologiaval/m18-onefprt/
154,https://hu.milwaukeetool.eu/hu-hu/m12-szuperkompakt-popszegecselo/m12-bprt/
155,https://hu.milwaukeetool.eu/hu-hu/m18-fuel-one-key-230-160;mm-sarokcsiszolo-fekezo-funkcioval-es-hosszu-also-kapcsoloval/m18-oneflag230xpdb/
156,https://hu.milwaukeetool.eu/hu-hu/m18-fuel-230-mm-nagy-sarokcsiszolo-hosszu-also-kapcsoloval/m18-flag230xpdb/
157,https://hu.milwaukeetool.eu/hu-hu/m18-fuel-nagy-teljesitmenyu-150-mm-sarokcsiszolo-fekezo-funkcioval-es-hosszu-also-kapcsoloval/m18-fhsag150xpdb/
158,https://hu.milwaukeetool.eu/hu-hu/m18-fuel-150-mm-nagy-teljesitmenyu-sarokcsiszolo-csusztathato-kapcsoloval/m18-fhsag150xb/
159,https://hu.milwaukeetool.eu/hu-hu/m18-fuel-125-mm-laposfeju-sarokcsiszolo-fekezo-funkcioval-es-hosszu-also-kapcsoloval/m18-fsagf125xpdb/
160,https://hu.milwaukeetool.eu/hu-hu/m18-fuel-125-mm-laposfeju-sarokcsiszolo-fekezo-funkcioval-es-csusztathato-kapcsoloval/m18-fsagf125xb/
161,"https://hu.milwaukeetool.eu/hu-hu/m18-fuel-125-mm-sarokcsiszolo-valtoztathato-sebesseggel,-fekezo-funkcioval-es-hosszu-also-kapcsoloval/m18-fsagv125xpdb/"
162,"https://hu.milwaukeetool.eu/hu-hu/m18-fuel-125-mm-sarokcsiszolo-valtoztathato-sebesseggel,-fekezo-funkcioval-es-csusztathato-kapcsoloval/m18-fsagv125xb/"
163,https://hu.milwaukeetool.eu/hu-hu/m18-fuel-one-key-125-mm-sarokcsiszolo-fekezo-funkcioval-es-hosszu-also-kapcsoloval/m18-onefsag125xpdb/
164,https://hu.milwaukeetool.eu/hu-hu/m18-fuel-one-key-125-mm-sarokcsiszolo-fekezo-funkcioval-es-csusztathato-kapcsoloval/m18-onefsag125xb/
165,"https://hu.milwaukeetool.eu/hu-hu/m18-fuel-125-mm-sarokcsiszolo-fekezo-funkcioval,-csusztathato-kapcsoloval/m18-fsag125xb/"
166,https://hu.milwaukeetool.eu/hu-hu/m18-fuel-125-mm-sarokcsiszolo-csusztathato-kapcsoloval/m18-fsag125x/
167,https://hu.milwaukeetool.eu/hu-hu/m18-fuel-nagy-teljesitmenyu-125-mm-sarokcsiszolo-fekezo-funkcioval-es-hosszu-also-kapcsoloval/m18-fhsag125xpdb/
168,https://hu.milwaukeetool.eu/hu-hu/m18-fuel-nagy-teljesitmenyu-125-mm-sarokcsiszolo-fekezo-funkcioval-es-csusztathato-kapcsoloval/m18-fhsag125xb/
169,https://hu.milwaukeetool.eu/hu-hu/m18-125-mm-sarokcsiszolo-hosszu-also-kapcsoloval/hd18-ag-125/
170,https://hu.milwaukeetool.eu/hu-hu/m28-125-mm-sarokcsiszolo/hd28-ag125/
171,https://hu.milwaukeetool.eu/hu-hu/m18-fuel-115-mm-sarokcsiszolo-csusztathato-kapcsoloval/m18-fsag115x/
172,"https://hu.milwaukeetool.eu/hu-hu/m18-fuel-115-mm-sarokcsiszolo-valtoztathato-sebesseggel,-fekezo-funkcioval-es-hosszu-also-kapcsoloval/m18-fsagv115xpdb/"
173,https://hu.milwaukeetool.eu/hu-hu/m18-115-mm-sarokcsiszolo-hosszu-also-kapcsoloval/hd18-ag-115/
174,https://hu.milwaukeetool.eu/hu-hu/m28-115-mm-sarokcsiszolo/hd28-ag115/
175,https://hu.milwaukeetool.eu/hu-hu/m12-fuel-egyenes-csiszolo/m12-fdgs/
176,https://hu.milwaukeetool.eu/hu-hu/m18-fuel-egyenes-csiszolo/m18-fdg/
177,https://hu.milwaukeetool.eu/hu-hu/m12-fuel-derekszogu-csiszolo/m12-fdga/
178,https://hu.milwaukeetool.eu/hu-hu/m18-fuel-excenter-polirozo-21-mm-es-lokettel/m18-frop21/
179,https://hu.milwaukeetool.eu/hu-hu/m18-fuel-excenter-polirozo-15-mm-es-lokettel/m18-frop15/
180,https://hu.milwaukeetool.eu/hu-hu/m18-fuel-polirozo/m18-fap/
181,https://hu.milwaukeetool.eu/hu-hu/m12-szuperkompakt-polirozo-csiszolo/m12-bps/
182,https://hu.milwaukeetool.eu/hu-hu/m12-fuel-szuperkompakt-szalagfuresz/m12-fbs64/
183,https://hu.milwaukeetool.eu/hu-hu/m18-fuel-kompakt-szalagfuresz/m18-fbs85/
184,https://hu.milwaukeetool.eu/hu-hu/m18-fuel-szalagfuresz-mely-vagashoz/m18-cbs125/
185,https://hu.milwaukeetool.eu/hu-hu/m12-szuperkompakt-szalagfuresz/m12-bs/
186,https://hu.milwaukeetool.eu/hu-hu/m12-fuel-hatchet-agvago-lancfuresz/m12-fhs/
187,https://hu.milwaukeetool.eu/hu-hu/m18-fuel-lancfuresz-30-160;cm-es-lancvezetovel/m18-fchsc/
188,https://hu.milwaukeetool.eu/hu-hu/quik-lok-agvago-lancfuresz-adapter/m18-foph-csa/
189,https://hu.milwaukeetool.eu/hu-hu/m18-fuel-lancfuresz-40-cm-es-lancvezetovel/m18-fchs/
190,https://hu.milwaukeetool.eu/hu-hu/m18-fuel-femvago-korfuresz/m18-fmcs66/
191,"https://hu.milwaukeetool.eu/hu-hu/m18-fuel-66-mm-korfuresz-fahoz-es-muanyaghoz,-vezetosinnel-kompatibilis/m18-fcsg66/"
192,https://hu.milwaukeetool.eu/hu-hu/m18-fuel-korfuresz-fahoz-hatso-fogantyuval/m18-fcsrh66/
193,https://hu.milwaukeetool.eu/hu-hu/m18-fuel-korfuresz-fahoz-es-muanyaghoz-66-mm-es-vagasi-melyseggel/m18-fcs66/
194,https://hu.milwaukeetool.eu/hu-hu/m18-szenkefe-nelkuli-korfuresz-fahoz-es-muanyaghoz-66-mm-es-vagasi-melyseggel/m18-blcs66/
195,https://hu.milwaukeetool.eu/hu-hu/m18-fuel-femvago-korfuresz/m18-fmcs/
196,https://hu.milwaukeetool.eu/hu-hu/m18-fuel-korfuresz-fahoz-es-muanyaghoz-55-mm-es-vagasi-melyseggel/m18-ccs55/
197,https://hu.milwaukeetool.eu/hu-hu/m18-korfuresz-fahoz-es-muanyaghoz-55-mm-es-vagasi-melyseggel/hd18-cs/
198,https://hu.milwaukeetool.eu/hu-hu/m12-fuel-szuperkompakt-korfuresz/m12-ccs44/
199,https://hu.milwaukeetool.eu/hu-hu/m28-korfuresz-54-mm-es-vagasi-melyseggel/hd28-cs/
200,https://hu.milwaukeetool.eu/hu-hu/m18-fuel-szurofuresz/m18-fbjs/
201,https://hu.milwaukeetool.eu/hu-hu/m18-fuel-szurofuresz/m18-fjs/
202,https://hu.milwaukeetool.eu/hu-hu/m18-szurofuresz/m18-bjs/
203,https://hu.milwaukeetool.eu/hu-hu/m18-szurofuresz/hd18-jsb/
204,https://hu.milwaukeetool.eu/hu-hu/m12-szuperkompakt-szurofuresz/m12-js/
205,https://hu.milwaukeetool.eu/akumulatorove/rezani/pokosove-pily-a%c2%a0stojany/msuv-280/
206,https://hu.milwaukeetool.eu/hu-hu/m18-fuel-one-key-305-mm-gervago/m18-fms305/
207,https://hu.milwaukeetool.eu/hu-hu/m18-fuel-190-mm-gervago/m18-fms190/
208,https://hu.milwaukeetool.eu/hu-hu/work-table/
209,https://hu.milwaukeetool.eu/akumulatorove/rezani/pokosove-pily-a%c2%a0stojany/msl-2000/
210,https://hu.milwaukeetool.eu/hu-hu/m18-fuel-254-mm-gervago/m18-fms254/
211,https://hu.milwaukeetool.eu/akumulatorove/rezani/pokosove-pily-a%c2%a0stojany/msl-3000/
212,https://hu.milwaukeetool.eu/akumulatorove/rezani/pokosove-pily-a%c2%a0stojany/msl-1000/
213,https://hu.milwaukeetool.eu/hu-hu/m18-fuel-multi-tool/m18-fmt/
214,https://hu.milwaukeetool.eu/hu-hu/m12-fuel-multi-tool/m12-fmt/
215,https://hu.milwaukeetool.eu/hu-hu/m18-multi-tool/m18-bmt/
216,https://hu.milwaukeetool.eu/hu-hu/m12-szuperkompakt-akkumulatoros-multi-tool/c12-mt/
217,https://hu.milwaukeetool.eu/hu-hu/m12-raptor-csovago-rozsdamentes-acelhoz/m12-pcss/
218,https://hu.milwaukeetool.eu/hu-hu/m12-szuperkompakt-akkumulatoros-kabelvago/m12-cc/
219,https://hu.milwaukeetool.eu/hu-hu/m12-szuperkompakt-rezcsovago/c12-pc/
220,https://hu.milwaukeetool.eu/hu-hu/m12-szuperkompakt-pex-vago/c12-ppc/
221,https://hu.milwaukeetool.eu/hu-hu/m18-gyalu/m18-bp/
222,https://hu.milwaukeetool.eu/hu-hu/m18-fuel-one-key-sawzall-szablyafuresz/m18-onefsz/
223,https://hu.milwaukeetool.eu/hu-hu/m18-fuel-sawzall-szablyafuresz/m18-fsz/
224,https://hu.milwaukeetool.eu/hu-hu/m18-fuel-super-sawzall-szablyafuresz/m18-fsx/
225,https://hu.milwaukeetool.eu/hu-hu/m18-fuel-hackzall/m18-fhz/
226,https://hu.milwaukeetool.eu/hu-hu/m18-sawzall-szablyafuresz/m18-bsx/
227,https://hu.milwaukeetool.eu/hu-hu/m18-hackzall/c18-hz/
228,https://hu.milwaukeetool.eu/hu-hu/m12-fuel-szuperkompakt-kezifuresz/m12-chz/
229,https://hu.milwaukeetool.eu/hu-hu/m12-szuperkompakt-univerzalis-furesz/c12-hz/
230,https://hu.milwaukeetool.eu/hu-hu/m28-sawzall-szablyafuresz/hd28-sx/
231,https://hu.milwaukeetool.eu/hu-hu/m18-lemezvago-ollo/m18-bms20/
232,https://hu.milwaukeetool.eu/hu-hu/m18-lemezvago-ollo/m18-bms12/
233,https://hu.milwaukeetool.eu/hu-hu/m18-szenkefe-nelkuli-menetesszar-vago/m18-bltrc/
234,https://hu.milwaukeetool.eu/akumulatorove/rezani/pruning-saws/m12-fhs/
235,https://hu.milwaukeetool.eu/hu-hu/m18-fuel-csomenetvago-2-one-key-technologiaval/m18-fpt2/
236,https://hu.milwaukeetool.eu/hu-hu/lezeres-tavolsagmero-100-m/ldm-100/
237,https://hu.milwaukeetool.eu/hu-hu/lezeres-tavolsagmero-45-m/ldm-45/
238,https://hu.milwaukeetool.eu/hu-hu/lezeres-tavolsagmero-30-m/ldm-30/
239,https://hu.milwaukeetool.eu/hu-hu/lezeres-tavolsagmero-50-m/ldm-50/
240,https://hu.milwaukeetool.eu/hu-hu/automatikus-feszultseg-folytonossag-vizsgalo/2212-20/
241,https://hu.milwaukeetool.eu/hu-hu/villas-merokeszulek/2205-40/
242,https://hu.milwaukeetool.eu/hu-hu/kis-multimero/2216-40/
243,https://hu.milwaukeetool.eu/hu-hu/digitalis-multimero/2217-40/
244,https://hu.milwaukeetool.eu/hu-hu/feszultsegkereso/2200-40/
245,https://hu.milwaukeetool.eu/hu-hu/kis-lakatfogo/2235-40/
246,https://hu.milwaukeetool.eu/hu-hu/lezeres-homero/2267-40/
247,https://hu.milwaukeetool.eu/hu-hu/m12-csovezetek-helymeghatarozo/m12-pl/
248,https://hu.milwaukeetool.eu/hu-hu/m18-szennyvizcsatorna-vizsgalo-kamera-60-m/m18-sic60/
249,https://hu.milwaukeetool.eu/hu-hu/m18-szennyvizcsatorna-vizsgalo-kamera-36-m/m18-sic36/
250,https://hu.milwaukeetool.eu/hu-hu/m18-monitor-a-szennyvizcsatorna-vizsgalo-kamerahoz/m18-sim/
251,https://hu.milwaukeetool.eu/hu-hu/m18-szennyvizcsatorna-vizsgalo-intelligens-hub/m18-sish/
252,https://hu.milwaukeetool.eu/hu-hu/m12-digitalis-vizsgalokamera/m12-ic-av3/
253,https://hu.milwaukeetool.eu/hu-hu/m12-szuperkompakt-m-spector-360-176;-vizsgalokamera/m12-ic/
254,https://hu.milwaukeetool.eu/hu-hu/usb-ujratoltheto-zseblampa/ir-fl/
255,https://hu.milwaukeetool.eu/akumulatorove/lighting/personal-lighting/ishl/
256,https://hu.milwaukeetool.eu/hu-hu/usb-ujratoltheto-fejlampa/ir-hl/
257,https://hu.milwaukeetool.eu/akumulatorove/lighting/personal-lighting/l4-fmled/
258,https://hu.milwaukeetool.eu/akumulatorove/lighting/personal-lighting/l4-tmled/
259,https://hu.milwaukeetool.eu/akumulatorove/lighting/personal-lighting/hl-sf/
260,https://hu.milwaukeetool.eu/akumulatorove/lighting/personal-lighting/l4-hlrp/
261,https://hu.milwaukeetool.eu/akumulatorove/lighting/personal-lighting/l4-hl-vis/
262,https://hu.milwaukeetool.eu/akumulatorove/lighting/personal-lighting/hl2-led/
263,https://hu.milwaukeetool.eu/akumulatorove/lighting/personal-lighting/l4-ffl/
264,https://hu.milwaukeetool.eu/akumulatorove/lighting/personal-lighting/l4-pwl/
265,https://hu.milwaukeetool.eu/akumulatorove/lighting/personal-lighting/fl-led/
266,https://hu.milwaukeetool.eu/akumulatorove/lighting/personal-lighting/ml-led/
267,https://hu.milwaukeetool.eu/akumulatorove/lighting/personal-lighting/l4-fl/
268,https://hu.milwaukeetool.eu/akumulatorove/lighting/personal-lighting/l4-hl/
269,https://hu.milwaukeetool.eu/akumulatorove/lighting/personal-lighting/ipl-led/
270,https://hu.milwaukeetool.eu/akumulatorove/lighting/handheld-lighting/m12-uhl/
271,https://hu.milwaukeetool.eu/akumulatorove/lighting/handheld-lighting/m18-sled/
272,https://hu.milwaukeetool.eu/akumulatorove/lighting/handheld-lighting/m12-sled/
273,https://hu.milwaukeetool.eu/akumulatorove/lighting/handheld-lighting/m18-il/
274,https://hu.milwaukeetool.eu/akumulatorove/lighting/handheld-lighting/m12-ll/
275,https://hu.milwaukeetool.eu/akumulatorove/lighting/handheld-lighting/m18-ll/
276,https://hu.milwaukeetool.eu/akumulatorove/lighting/handheld-lighting/m12-tled/
277,https://hu.milwaukeetool.eu/akumulatorove/lighting/handheld-lighting/m18-tled/
278,https://hu.milwaukeetool.eu/akumulatorove/lighting/handheld-lighting/m12-sl/
279,https://hu.milwaukeetool.eu/hu-hu/m12-szinegyezteto-lampa/m12-cml/
280,https://hu.milwaukeetool.eu/hu-hu/m12-muhelylampa/m12-ucl/
281,https://hu.milwaukeetool.eu/akumulatorove/lighting/area-lighting/mxf-tl/
282,https://hu.milwaukeetool.eu/hu-hu/m18-nagy-teljesitmenyu-allvanyos-termegvilagito-lampa-tolto-funkcioval/m18-hosalc/
283,https://hu.milwaukeetool.eu/akumulatorove/lighting/area-lighting/m18-hoal/
284,https://hu.milwaukeetool.eu/akumulatorove/lighting/area-lighting/m18-poalc/
285,https://hu.milwaukeetool.eu/hu-hu/m12-forgathato-lampa/m12-pal/
286,https://hu.milwaukeetool.eu/akumulatorove/lighting/area-lighting/m18-tal/
287,https://hu.milwaukeetool.eu/akumulatorove/lighting/area-lighting/m18-pal/
288,https://hu.milwaukeetool.eu/akumulatorove/lighting/area-lighting/m18-ubl/
289,https://hu.milwaukeetool.eu/akumulatorove/lighting/area-lighting/m12-al/
290,https://hu.milwaukeetool.eu/akumulatorove/lighting/area-lighting/m18-al/
291,https://hu.milwaukeetool.eu/akumulatorove/lighting/tower-lighting/mxf-tl/
292,https://hu.milwaukeetool.eu/akumulatorove/lighting/tower-lighting/m12-sal/
293,https://hu.milwaukeetool.eu/akumulatorove/lighting/tower-lighting/m18-onersal/
294,https://hu.milwaukeetool.eu/akumulatorove/lighting/tower-lighting/m18-sal/
295,https://hu.milwaukeetool.eu/akumulatorove/lighting/site-lighting/hobl-7000/
296,https://hu.milwaukeetool.eu/akumulatorove/lighting/site-lighting/m18-onesldp/
297,https://hu.milwaukeetool.eu/akumulatorove/lighting/site-lighting/m18-oneslsp/
298,https://hu.milwaukeetool.eu/hu-hu/m12-fuel-powerpack/m12-fpp7a/
299,https://hu.milwaukeetool.eu/hu-hu/m12-fuel-promo-erocsomag/m12-fpp3r/
300,https://hu.milwaukeetool.eu/hu-hu/m12-promo-erocsomag/m12-fpp2aw/
301,https://hu.milwaukeetool.eu/hu-hu/m12-fuel-promo-erocsomag/m12-fpp2ax/
302,https://hu.milwaukeetool.eu/hu-hu/m12-fuel-erocsomag/m12-fpp2a/
303,https://hu.milwaukeetool.eu/hu-hu/m12-fuel-erocsomag/m12-fpp2b/
304,https://hu.milwaukeetool.eu/hu-hu/m12-erocsomag/m12-bpp4a/
305,https://hu.milwaukeetool.eu/hu-hu/m12-erocsomag/m12-bpp3a/
306,https://hu.milwaukeetool.eu/hu-hu/m12-erocsomag/m12-bpp2b/
307,https://hu.milwaukeetool.eu/hu-hu/m12-erocsomag/m12-bpp2c/
308,https://hu.milwaukeetool.eu/hu-hu/m12-erocsomag/m12-bpp2d/
309,https://hu.milwaukeetool.eu/hu-hu/m18-fuel-erocsomag/m18-fpp6k2/
310,https://hu.milwaukeetool.eu/hu-hu/m18-fuel-erocsomag/m18-fpp6l2/
311,https://hu.milwaukeetool.eu/hu-hu/m18-fuel-promo-powerpack/m18-fpp2y2/
312,https://hu.milwaukeetool.eu/hu-hu/m18-fuel-promo-powerpack/m18-fpp2ab2/
313,https://hu.milwaukeetool.eu/hu-hu/m18-promo-powerpack/m18-pp5b/
314,https://hu.milwaukeetool.eu/hu-hu/m18-fuel-promo-powerpack/m18-fpp3m/
315,https://hu.milwaukeetool.eu/hu-hu/m18-fuel-promo-powerpack/m18-fpp4aa2/
316,https://hu.milwaukeetool.eu/hu-hu/m18-fuel-promo-powerpack/m18-fpp4bb2/
317,https://hu.milwaukeetool.eu/hu-hu/m18-promo-powerpack/m18-fpp2as/
318,https://hu.milwaukeetool.eu/hu-hu/m18-fuel-promo-powerpack/m18-fpp2aa2/
319,https://hu.milwaukeetool.eu/hu-hu/m18-fuel-promo-powerpack/m18-pp8a/
320,https://hu.milwaukeetool.eu/hu-hu/m18-fuel-promo-powerpack/m18-pp8b/
321,https://hu.milwaukeetool.eu/hu-hu/m18-fuel-promo-kit/m18-fpp3ab/
322,https://hu.milwaukeetool.eu/hu-hu/m18-fuel-erocsomag/m18-fpp2t2/
323,https://hu.milwaukeetool.eu/hu-hu/m18-fuel-erocsomag/m18-fpp4f2/
324,https://hu.milwaukeetool.eu/hu-hu/m18-erocsomag/m18-fpp5k/
325,https://hu.milwaukeetool.eu/hu-hu/m18-szenkefe-nelkuli-erocsomag/m18-blpp2a2/
326,https://hu.milwaukeetool.eu/hu-hu/m18-szenkefe-nelkuli-erocsomag/m18-blpp2b2/
327,https://hu.milwaukeetool.eu/hu-hu/m18-fuel-one-key-erocsomag/m18-onepp2a2/
328,https://hu.milwaukeetool.eu/hu-hu/m18-fuel-one-key-erocsomag/m18-onepp2b2/
329,https://hu.milwaukeetool.eu/hu-hu/m18-kompakt-szenkefe-nelkuli-erocsomag/m18-cblpp2a/
330,https://hu.milwaukeetool.eu/hu-hu/m18-kompakt-szenkefe-nelkuli-erocsomag/m18-cblpp2b/
331,https://hu.milwaukeetool.eu/hu-hu/m18-powerpack/m18-cblpp4b/
332,https://hu.milwaukeetool.eu/hu-hu/m18-fuel-erocsomag/m18-fpp2a2/
333,https://hu.milwaukeetool.eu/hu-hu/m18-erocsomag/m18-bpp2c/
334,https://hu.milwaukeetool.eu/hu-hu/m18-erocsomag/m18-bpp2d/
335,https://hu.milwaukeetool.eu/hu-hu/m18-erocsomag/m18-pp6b/
336,https://hu.milwaukeetool.eu/hu-hu/m18-force-logic-szenkefe-nelkuli-xl-pres/m18-blhptxl/
337,https://hu.milwaukeetool.eu/hu-hu/m18-force-logic-szenkefe-nelkuli-pres-one-key-technologiaval/m18-oneblhpt/
338,https://hu.milwaukeetool.eu/hu-hu/m18-force-logic-szenkefe-nelkuli-hidraulikus-pres/m18-blhpt/
339,https://hu.milwaukeetool.eu/hu-hu/m12-szuperkompakt-force-logic-hidraulikus-pres/m12-hpt/
340,https://hu.milwaukeetool.eu/hu-hu/m18-force-logic-35-mm-es-hidraulikus-kabelvago/m18-onehcc/
341,https://hu.milwaukeetool.eu/hu-hu/m18-force-logic-hidraulikus-fold-alatti-kabelvago-tavvezerlovel/m18-hcc75r/
342,https://hu.milwaukeetool.eu/hu-hu/m18-force-logic-hidraulikus-fold-alatti-kabelvago/m18-hcc75/
343,https://hu.milwaukeetool.eu/hu-hu/m18-force-logic-44-mm-es-hidraulikus-kabelvago/m18-hcc45/
344,https://hu.milwaukeetool.eu/akumulatorove/obrubovani/cable-cutting/m12-cc-(1)/
345,https://hu.milwaukeetool.eu/akumulatorove/obrubovani/cable-cutting/c12-ppc-(1)/
346,https://hu.milwaukeetool.eu/hu-hu/m18-force-logic-hidraulikus-krimpelo-betet-nelkul/m18-hdct/
347,https://hu.milwaukeetool.eu/hu-hu/m18-force-logic-hidraulikus-kabelkrimpelo-109-kn/m18-hcct109/42/
348,https://hu.milwaukeetool.eu/hu-hu/m18-force-logic-hidraulikus-kabelkrimpelo-53-kn/m18-hcct/
349,https://hu.milwaukeetool.eu/hu-hu/m18-force-logic-hidraulikus-lyukasztogep/m18-hkp/
350,https://hu.milwaukeetool.eu/hu-hu/rendszertartozekok-lyukaszto-kivago-szerszamokhoz/
351,https://hu.milwaukeetool.eu/hu-hu/m18-fuel-uponor-q-e-csotagito-magyarorszagon-nem-rendelheto!/m18-fpxp/
352,https://hu.milwaukeetool.eu/hu-hu/m12-fuel-szuperkompakt-uponor-q-e-csotagito-magyarorszagon-nem-rendelheto!/m12-fpxp/
353,https://hu.milwaukeetool.eu/hu-hu/m18-onekey-force-logic-uponor-q-e-hidraulikus-csotagito-magyarorszagon-nem-rendelheto!/m18-oneblpxpl/
354,"https://hu.milwaukeetool.eu/hu-hu/csotagito-fejek,-magyarorszagon-nem-rendelheto!/"
355,https://hu.milwaukeetool.eu/hu-hu/m18-uponor-csotagito-magyarorszagon-nem-rendelheto!/hd18-pxp/
356,https://hu.milwaukeetool.eu/hu-hu/m12-szuperkompakt-uponor-q-e-csotagito-magyarorszagon-nem-rendelheto!/c12-pxp/
357,https://hu.milwaukeetool.eu/hu-hu/m18-hidraulikus-szivattyu/m18-hup700/
358,https://hu.milwaukeetool.eu/hu-hu/m12-radio-tolto-dab/m12-rcdab/
359,https://hu.milwaukeetool.eu/hu-hu/m18-packout-radio-tolto/m18-prcdab/
360,https://hu.milwaukeetool.eu/hu-hu/m18-radio-dab/m18-jsr-dab/
361,https://hu.milwaukeetool.eu/hu-hu/m18-radio/m18-jsr/
362,https://hu.milwaukeetool.eu/akumulatorove/radia/radios/m18-rc/
363,https://hu.milwaukeetool.eu/hu-hu/m12-m18-bluetooth-hangszoro/m12-18-jssp/
364,https://hu.milwaukeetool.eu/hu-hu/m12-bluetooth-hangszoro/m12-jssp/
365,https://hu.milwaukeetool.eu/hu-hu/m18-fuel-lefolyocsotisztito-160;-10-mm/m18-fdcpf10/
366,https://hu.milwaukeetool.eu/hu-hu/m18-fuel-lefolyocsotisztito-8-mm/m18-fdcpf8/
367,https://hu.milwaukeetool.eu/hu-hu/m12-szuperkompakt-lefolyocsotisztito-6-mm-es-spiralis-kabellel/m12-bdc6/
368,https://hu.milwaukeetool.eu/hu-hu/m12-szuperkompakt-lefolyocsotisztito-8-mm-es-spiralis-kabellel/m12-bdc8/
369,https://hu.milwaukeetool.eu/akumulatorove/drain-cleaners/stationary-drum-machines/mxf-lsdp/
370,https://hu.milwaukeetool.eu/hu-hu/m18-fuel-dugulaselharito-16-mm/m18-ffsdc16/
371,https://hu.milwaukeetool.eu/hu-hu/m18-fuel-dugulaselharito-160;-13-mm/m18-ffsdc13/
372,https://hu.milwaukeetool.eu/hu-hu/m18-fuel-dugulaselharito-160;-10-mm/m18-ffsdc10/
373,https://hu.milwaukeetool.eu/hu-hu/m18-fuel-kompakt-szekcios-csotisztitogep/m18-fcssm/
374,https://hu.milwaukeetool.eu/hu-hu/m18-fuel-szekcios-csotiszitogep/m18-fssm/
375,https://hu.milwaukeetool.eu/hu-hu/m12-levegofuvo/m12-bbl/
376,https://hu.milwaukeetool.eu/hu-hu/m18-ventilator/m18-af/
377,https://hu.milwaukeetool.eu/hu-hu/m18-levegofuvo/m18-bbl/
378,https://hu.milwaukeetool.eu/hu-hu/m18-tomitoanyag-es-ragasztopisztoly-600-ml-tubussal/c18-pcg/600/
379,https://hu.milwaukeetool.eu/hu-hu/m18-tomitoanyag-es-ragasztopisztoly-400-ml-tubussal/c18-pcg/400/
380,https://hu.milwaukeetool.eu/hu-hu/m18-tomitoanyag-es-ragasztopisztoly-310-ml-kartustartoval/c18-pcg/310/
381,https://hu.milwaukeetool.eu/hu-hu/m12-szuperkompakt-tomitoanyag-es-ragasztopisztoly-600-ml-tubussal/m12-pcg/600/
382,https://hu.milwaukeetool.eu/hu-hu/m12-szuperkompakt-tomitoanyag-es-ragasztopisztoly-400-ml-tubussal/m12-pcg/400/
383,https://hu.milwaukeetool.eu/hu-hu/m12-szuperkompakt-tomitoanyag-es-ragasztopisztoly-310-ml-kartustartoval/m12-pcg/310/
384,https://hu.milwaukeetool.eu/hu-hu/m18-zsirzopisztoly/m18-gg/
385,https://hu.milwaukeetool.eu/hu-hu/m12-szuperkompakt-zsirzopisztoly/m12-gg/
386,https://hu.milwaukeetool.eu/hu-hu/m12-szuperkompakt-univerzalis-nagyfordulatszamu-gep/c12-rt/
387,https://hu.milwaukeetool.eu/hu-hu/milwaukee-one-key-bluetooth-nyomkoveto-modul-btt/btt/
388,https://hu.milwaukeetool.eu/hu-hu/m18-holegfuvo/m18-bhg/
389,https://hu.milwaukeetool.eu/hu-hu/m12-szuperkompakt-forrasztopaka/m12-si/
390,https://hu.milwaukeetool.eu/hu-hu/m18-fuel-legkompresszor/m18-fac/
391,https://hu.milwaukeetool.eu/hu-hu/m12-szuperkompakt-kompresszor/m12-bi/
392,https://hu.milwaukeetool.eu/hu-hu/m18-fuel-keverogep/m18-fpm/
393,https://hu.milwaukeetool.eu/hu-hu/m12-hydropass-szenkefes-vizszivattyu/m12-bswp/
394,https://hu.milwaukeetool.eu/hu-hu/m18-kompakt-szivattyu/m18-btp/
395,https://hu.milwaukeetool.eu/hu-hu/m18-fuel-kabelbehuzo/m18-fpft/
396,https://hu.milwaukeetool.eu/hu-hu/m18-fuel-tuvibrator/m18-fcvn/
397,https://hu.milwaukeetool.eu/akumulatorove/jine/concrete-vibrators/mxf-cvbp/
398,https://hu.milwaukeetool.eu/hu-hu/m12-fuel-gumiabroncs-csiszolo/m12-ftb/
399,https://hu.milwaukeetool.eu/hu-hu/26-mm-sds-plus-furokalapacs/pfh-26-t/
400,https://hu.milwaukeetool.eu/hu-hu/26-mm-sds-plus-kombi-kalapacs/ph-26-t/
401,https://hu.milwaukeetool.eu/hu-hu/3-kg-sds-plus-vesokalapacs/pce-3/k/
402,https://hu.milwaukeetool.eu/hu-hu/32-mm-sds-plus-l-formaju-kombi-kalapacs/plh-32/
403,https://hu.milwaukeetool.eu/hu-hu/28-mm-sds-plus-l-formaju-kombi-kalapacs/plh-28/
404,https://hu.milwaukeetool.eu/hu-hu/30-mm-sds-plus-kombi-kalapacs/ph-30/
405,https://hu.milwaukeetool.eu/hu-hu/28-mm-sds-plus-kombi-kalapacs/ph-28/
406,https://hu.milwaukeetool.eu/hu-hu/26-mm-sds-plus-furokalapacs/pfh-26/
407,https://hu.milwaukeetool.eu/hu-hu/8-kg-sds-max-furo-bonto-kalapacs/k-850/
408,https://hu.milwaukeetool.eu/hu-hu/7-kg-class-breaking-hammer/k-700-s/
409,https://hu.milwaukeetool.eu/hu-hu/10-kg-furo-bonto-kalapacs/k-950/
410,https://hu.milwaukeetool.eu/hu-hu/10-kg-bontokalapacs/k-900/
411,https://hu.milwaukeetool.eu/hu-hu/7-kg-sds-max-furo-bonto-kalapacs/k-750-s/
412,https://hu.milwaukeetool.eu/hu-hu/5-kg-sds-max-furo-veso-kalapacs/k-545-s/
413,https://hu.milwaukeetool.eu/hu-hu/5-kg-sds-max-furo-veso-kalapacs/k-540-s/
414,https://hu.milwaukeetool.eu/hu-hu/5-kg-sds-max-vesokalapacs/k-500-st/
415,https://hu.milwaukeetool.eu/hu-hu/5-kg-sds-max-vesokalapacs/k-500-s/
416,https://hu.milwaukeetool.eu/hu-hu/aluminium-furoallvany-a-dcm-160;2-350-c-gyemantfurohoz/dr-350-t/
417,https://hu.milwaukeetool.eu/hu-hu/furogep-gyemant-furokoronahoz/dcm-2-350-c/
418,https://hu.milwaukeetool.eu/hu-hu/haromsebesseges-kombi-gyemantfuro/dd-3-152/
419,https://hu.milwaukeetool.eu/hu-hu/gyemantfuro-allvany-dd-160;3-152-gyemantfurohoz/dr-152-t/
420,https://hu.milwaukeetool.eu/hu-hu/ketsebesseges-szaraz-gyemantfurogep/dd-2-160-xe/
421,https://hu.milwaukeetool.eu/hu-hu/aluminium-furoallvany-a-dcm-160;2-250-c-gyemantfurohoz/dr-250-tv/
422,https://hu.milwaukeetool.eu/hu-hu/furogep-gyemant-furokoronahoz/dcm-2-250-c/
423,https://hu.milwaukeetool.eu/hu-hu/magneses-furoallvany-permanens-magnessel/mdp-41/
424,https://hu.milwaukeetool.eu/hu-hu/magneses-furoallvany-elektromagnessel/mde-41/
425,https://hu.milwaukeetool.eu/hu-hu/1010-w-ketsebesseges-utvefuro/sb-2-35-d/
426,https://hu.milwaukeetool.eu/hu-hu/1020-w-ketsebesseges-utvefuro/pd2e-24-r/
427,https://hu.milwaukeetool.eu/hu-hu/1010-w-ketsebesseges-utvefuro/pd2e-24-rs/
428,https://hu.milwaukeetool.eu/hu-hu/850-w-ketsebesseges-utvefuro/pd2e-22-r/
429,https://hu.milwaukeetool.eu/hu-hu/705-w-utvefuro/pd-705/
430,https://hu.milwaukeetool.eu/hu-hu/630-w-egysebesseges-utvefuro/pde-16-rp/
431,https://hu.milwaukeetool.eu/hu-hu/630-w-egysebesseges-utvefuro/pde-13-rx/
432,https://hu.milwaukeetool.eu/hu-hu/825-w-egysebesseges-furogep/hde-13-rqd/
433,https://hu.milwaukeetool.eu/hu-hu/950-w-egysebesseges-furogep/hde-13-rqx/
434,https://hu.milwaukeetool.eu/hu-hu/705-w-ketsebesseges-furogep/hd2e-13-r/
435,https://hu.milwaukeetool.eu/hu-hu/630-w-egysebesseges-furogep/de-13-rp/
436,https://hu.milwaukeetool.eu/hu-hu/630-w-nagy-fordulatszamu-egysebesseges-furogep/de-10-rx/
437,https://hu.milwaukeetool.eu/hu-hu/900-w-ketsebesseges-furogep/b2e-16-rld/
438,https://hu.milwaukeetool.eu/hu-hu/8243;-utvecsavarozo/ipwe-400-r/
439,https://hu.milwaukeetool.eu/hu-hu/8243;-utvecsavarozo/ipwe-520-r/
440,https://hu.milwaukeetool.eu/hu-hu/csavarozo-gipszkartonhoz/dwse-4000-q/
441,https://hu.milwaukeetool.eu/hu-hu/csavarozo-onmetszo-csavarokhoz/tkse-2500-q/
442,https://hu.milwaukeetool.eu/sitove/rezani/pokosove-pily-a%c2%a0stojany/msuv-280/
443,https://hu.milwaukeetool.eu/sitove/rezani/pokosove-pily-a%c2%a0stojany/msl-2000/
444,https://hu.milwaukeetool.eu/hu-hu/12-8243;-colos/ms-304-db/
445,https://hu.milwaukeetool.eu/hu-hu/8-8243;-colos/ms-216/
446,https://hu.milwaukeetool.eu/sitove/rezani/pokosove-pily-a%c2%a0stojany/msl-3000-(1)/
447,https://hu.milwaukeetool.eu/sitove/rezani/pokosove-pily-a%c2%a0stojany/msl-1000-(1)/
448,https://hu.milwaukeetool.eu/hu-hu/1500-w-sawzall-szablyafuresz/sspe-1500-x/
449,https://hu.milwaukeetool.eu/hu-hu/1300-w-sawzall-szablyafuresz/sspe-1300-rx/
450,https://hu.milwaukeetool.eu/hu-hu/1300-w-sawzall-szablyafuresz/sspe-1300-sx/
451,https://hu.milwaukeetool.eu/hu-hu/1100-w-sawzall-szablyafuresz/ssd-1100-x/
452,https://hu.milwaukeetool.eu/hu-hu/235-mm-es-korfuresz/cs-85-cbe/
453,https://hu.milwaukeetool.eu/hu-hu/235-mm-es-korfuresz/cs-85-sb/
454,https://hu.milwaukeetool.eu/hu-hu/szaraz-femvago-korfuresz/mcs-66/
455,https://hu.milwaukeetool.eu/hu-hu/190-mm-es-korfuresz/scs-65-q/
456,https://hu.milwaukeetool.eu/hu-hu/184-mm-es-korfuresz/cs-60/
457,https://hu.milwaukeetool.eu/hu-hu/165-mm-es-korfuresz/cs-55/
458,https://hu.milwaukeetool.eu/hu-hu/heavy-duty-felsofogantyus-szurofuresz/jspe-135/
459,https://hu.milwaukeetool.eu/hu-hu/heavy-duty-szurofuresz-markolatfogantyuval/js-120-x/
460,https://hu.milwaukeetool.eu/hu-hu/heavy-duty-szurofuresz-markolatfogantyuval/fspe-110-x/
461,https://hu.milwaukeetool.eu/hu-hu/melyen-vago-szalagfuresz/bs-125/
462,https://hu.milwaukeetool.eu/hu-hu/2300-w-femdarabolo/chs-355/
463,https://hu.milwaukeetool.eu/hu-hu/1250-w-sarokcsiszolo-avs-sel-es-hosszu-also-kapcsoloval/agv-13-xspdeb/
464,https://hu.milwaukeetool.eu/hu-hu/1250-w-sarokcsiszolo-avs-sel-es-hosszu-also-kapcsoloval/agv-13-xspde/
465,https://hu.milwaukeetool.eu/hu-hu/1250-w-sarokcsiszolo-hosszu-also-kapcsoloval/ag-13-xspd/
466,https://hu.milwaukeetool.eu/hu-hu/1750-w-alacsony-fordulatszamu-sarokcsiszolo-avs-sel/agv-17-inox/
467,https://hu.milwaukeetool.eu/hu-hu/1250-w-sarokcsiszolo-avs-sel-es-csusztathato-kapcsoloval/agv-13/
468,https://hu.milwaukeetool.eu/hu-hu/1000-w-sarokcsiszolo-avs-sel/agv-10-ek/
469,https://hu.milwaukeetool.eu/hu-hu/1000-w-sarokcsiszolo/ag-10-ek/
470,https://hu.milwaukeetool.eu/hu-hu/800-w-sarokcsiszolo/ag-800-e/
471,https://hu.milwaukeetool.eu/hu-hu/800-w-sarokcsiszolo/ag-800-ek/
472,https://hu.milwaukeetool.eu/hu-hu/1750-w-sarokcsiszolo-avs-sel/agv-17/
473,https://hu.milwaukeetool.eu/hu-hu/1520-w-alacsony-fordulatszamu-sarokcsiszolo/ag-16-inox/
474,https://hu.milwaukeetool.eu/1520-w-sarokcsiszolo/agv-16/
475,https://hu.milwaukeetool.eu/hu-hu/1520-w-sarokcsiszolo/ag-16/
476,https://hu.milwaukeetool.eu/hu-hu/1550-w-sarokcsiszolo-avs-sel/agv-15/
477,https://hu.milwaukeetool.eu/hu-hu/1200-w-sarokcsiszolo-avs-sel/agv-12/
478,https://hu.milwaukeetool.eu/hu-hu/850-w-sarokcsiszolo/ag-9/
479,"https://hu.milwaukeetool.eu/hu-hu/2400-w-sarokcsiszolo-fekezo-funkcioval,-avs-sel-es-visszarugas-elleni-vedelemmel/agvkb-24/"
480,https://hu.milwaukeetool.eu/hu-hu/2400-w-sarokcsiszolo-avs-sel-es-visszarugas-elleni-vedelemmel/agvk-24/
481,https://hu.milwaukeetool.eu/hu-hu/2600-w-sarokcsiszolo-avs-sel-es-visszarugas-elleni-vedelemmel/agvm-26/
482,https://hu.milwaukeetool.eu/hu-hu/2600-w-sarokcsiszolo-avs-sel/agv-26/
483,https://hu.milwaukeetool.eu/hu-hu/2400-w-sarokcsiszolo-avs-sel-es-visszarugas-elleni-vedelemmel/agvm-24/
484,https://hu.milwaukeetool.eu/hu-hu/2400-w-sarokcsiszolo-avs-sel/agv-24/
485,https://hu.milwaukeetool.eu/hu-hu/2400-w-sarokcsiszolo/ag-24/
486,https://hu.milwaukeetool.eu/hu-hu/2200-w-sarokcsiszolo-avs-sel/agv-22/
487,https://hu.milwaukeetool.eu/hu-hu/2200-w-sarokcsiszolo/ag-22/
488,https://hu.milwaukeetool.eu/hu-hu/2100-w-sarokcsiszolo-avs-sel/agv-21-gex/
489,https://hu.milwaukeetool.eu/hu-hu/2100-w-sarokcsiszolo/agv-21/
490,https://hu.milwaukeetool.eu/hu-hu/1200-w-sarokcsiszolo-porelvezeto-burkolattal/agv-12-dec/
491,https://hu.milwaukeetool.eu/hu-hu/1200-w-sarokcsiszolo-porelvezeto-burkolattal/agv-12-deg/
492,https://hu.milwaukeetool.eu/hu-hu/1550-w-sarokcsiszolo-porelvezeto-burkolattal/agv-15-dec/
493,https://hu.milwaukeetool.eu/hu-hu/1550-w-sarokcsiszolo-porelvezeto-burkolattal/agv-15-deg/
494,https://hu.milwaukeetool.eu/hu-hu/valtoztathato-sebessegu-ketkezes-egyenes-csiszolo/dgl-30-e/
495,https://hu.milwaukeetool.eu/hu-hu/ketkezes-egyenes-csiszolo-nagy-fordulatszammal/dgl-34/
496,https://hu.milwaukeetool.eu/hu-hu/alacsony-fordulatszamu-egyenes-csiszolo/dg-7-e/
497,https://hu.milwaukeetool.eu/hu-hu/valtoztathato-sebessegu-egykezes-egyenes-csiszolo/dg-30-e/
498,https://hu.milwaukeetool.eu/hu-hu/1450-w-polirozo/ap-14-2-200-e/
499,https://hu.milwaukeetool.eu/hu-hu/1200-w-polirozo-valtoztathato-sebesseggel/ap-12-e/
500,https://hu.milwaukeetool.eu/hu-hu/1200-w-csiszolo-valtoztathato-sebesseggel/as-12-e/
501,https://hu.milwaukeetool.eu/hu-hu/1500-w-csiszolo/ags-15-125-c/
502,https://hu.milwaukeetool.eu/hu-hu/42-l-m-porosztalyu-porelszivo/as-42-mac/
503,https://hu.milwaukeetool.eu/hu-hu/30-l-m-porosztalyu-porelszivo/as-30-mac/
504,https://hu.milwaukeetool.eu/hu-hu/30-l-l-porosztalyu-porelszivo/as-30-lac/
505,"https://hu.milwaukeetool.eu/hu-hu/30-l-l-porosztalyu-ipari-porszivo,-konnyen-tisztithato-szurovel/as-300-elcp/"
506,https://hu.milwaukeetool.eu/hu-hu/25-l-l-porosztalyu-porelszivo/as-2-250-elcp/
507,https://hu.milwaukeetool.eu/hu-hu/packout-ketkereku-szallitokocsi/packout-2-wheeled-cart/
508,https://hu.milwaukeetool.eu/hu-hu/packout-gurulos-kocsi/packout-flat-trolley/
509,https://hu.milwaukeetool.eu/hu-hu/packout-rogzitolemez/packout-mounting-plate/
510,https://hu.milwaukeetool.eu/hu-hu/packout-tarolo-lada/packout-trolley-box/
511,https://hu.milwaukeetool.eu/hu-hu/packout-tumblers/packout-tumblers/
512,https://hu.milwaukeetool.eu/hu-hu/packout-gurulos-szerszamoslada/packout-rolling-tool-chest/
513,https://hu.milwaukeetool.eu/hu-hu/packout-indulo-szett/packout-starter-set/
514,https://hu.milwaukeetool.eu/hu-hu/packout-xl-tarololada/packout-xl-tool-box/
515,https://hu.milwaukeetool.eu/hu-hu/packout-3-fiokos-tarololada/packout-3-drawer-tool-box/
516,https://hu.milwaukeetool.eu/hu-hu/packout-hutolada/packout-hard-cooler/
517,https://hu.milwaukeetool.eu/hu-hu/packout-kompakt-szerszamtarolo/packout-compact-box/
518,https://hu.milwaukeetool.eu/hu-hu/packout-lada/packout-crate/
519,https://hu.milwaukeetool.eu/hu-hu/packout-tarolo-ladak/packout-box/
520,https://hu.milwaukeetool.eu/hu-hu/packout-2-fiokos-tarololada/packout-2-drawer-tool-box/
521,https://hu.milwaukeetool.eu/storage/packout%e2%84%a2/drawers/packout-3-drawer-tool-box/
522,https://hu.milwaukeetool.eu/hu-hu/packout-mely-rendszerezo/packout-deep-organiser/
523,https://hu.milwaukeetool.eu/hu-hu/packout-elsosegely-keszlet-din-13157/packout-first-aid-kit/
524,https://hu.milwaukeetool.eu/hu-hu/packout-kompakt-vekony-rendszerezo/packout-compact-slim-organiser/
525,https://hu.milwaukeetool.eu/hu-hu/packout-vekony-rendszerezo/packout-slim-organiser/
526,https://hu.milwaukeetool.eu/hu-hu/packout-rendszerezo-doboz-nagy/packout-organiser/
527,https://hu.milwaukeetool.eu/hu-hu/packout-rendszerezo-doboz-kozepes/packout-compact-organiser/
528,https://hu.milwaukeetool.eu/storage/packout%e2%84%a2/packout%e2%84%a2-power-tools/m18-fpovcl/
529,https://hu.milwaukeetool.eu/storage/packout%e2%84%a2/packout%e2%84%a2-power-tools/m18-poalc/
530,https://hu.milwaukeetool.eu/storage/packout%e2%84%a2/packout%e2%84%a2-power-tools/m18-porcdab(plus)/
531,https://hu.milwaukeetool.eu/hu-hu/packout-szemelyre-szabhato-munkafelulet/packout-customisable-work-surface/
532,https://hu.milwaukeetool.eu/hu-hu/packout-munkateruleti-hutotaska/packout-jobsite-cooler/
533,https://hu.milwaukeetool.eu/hu-hu/packout-hatizsak/packout-backpack/
534,https://hu.milwaukeetool.eu/hu-hu/packout-muszertaska/packout-tech-bag/
535,https://hu.milwaukeetool.eu/hu-hu/packout-szerszamtaska-zart/packout-duffel-bag/
536,https://hu.milwaukeetool.eu/hu-hu/packout-szerszamtaska-nyitott/packout-tote-toolbag/
537,https://hu.milwaukeetool.eu/hu-hu/packout-polcrendszer/packout-racking-system/
538,https://hu.milwaukeetool.eu/hu-hu/fiokelvalaszto-elemek-packout-fiokos-tarololadakhoz/drawer-dividers-for-packout-drawer-tool-boxes/
539,https://hu.milwaukeetool.eu/hu-hu/habbetetek-packout-fiokos-tarololadahoz/foam-insert-for-packout-drawer-tool-boxes/
540,https://hu.milwaukeetool.eu/hu-hu/packout-habbetet-packout1-kerekes-taroloba/packout-trolley-foam-insert/
541,https://hu.milwaukeetool.eu/hu-hu/packout-habbetet/packout-foam-insert/
542,https://hu.milwaukeetool.eu/hu-hu/packout-adapter-hd-kofferekhez/packout-adaptor-hd-box/
543,https://hu.milwaukeetool.eu/hu-hu/30-78-cm-7-fiokos-gurulos-szerszamkocsi/src30-1/
544,https://hu.milwaukeetool.eu/hu-hu/30-78-cm-4-fiokos-acel-tarolo-felso-lada/stc30-1/
545,https://hu.milwaukeetool.eu/hu-hu/46-117-cm-10-fiokos-acel-szerszamkocsi/src46-1/
546,https://hu.milwaukeetool.eu/hu-hu/46-117-cm-6-fiokos-acel-tarolo-felso-lada/stc46-1/
547,https://hu.milwaukeetool.eu/hu-hu/40-102-cm-acel-munkakocsi/swc40-1/
548,https://hu.milwaukeetool.eu/hu-hu/1-4-racsni-es-dugokulcs-keszlet-habbetetben/1/4-ratchet-and-socket-set-foam-insert/
549,https://hu.milwaukeetool.eu/hu-hu/3-8-racsni-es-dugokulcs-keszlet-habbetetben/3/8-ratchet-and-socket-set-foam-insert/
550,https://hu.milwaukeetool.eu/hu-hu/1-2-racsni-es-dugokulcs-keszlet-habbetetben/1/2-ratchet-and-socket-set-foam-insert/
551,https://hu.milwaukeetool.eu/hu-hu/max-bite-csillag-villaskulcs-keszlet-habbetetben/maxbite-combination-spanner-set-foam-insert/
552,https://hu.milwaukeetool.eu/hu-hu/max-bite-racsnis-csillag-villaskulcs-keszlet-habbetetben/maxbite-ratcheting-combination-spanner-set-foam-insert/
553,https://hu.milwaukeetool.eu/hu-hu/maxbite-csuklos-feju-racsnis-csillag-villaskulcs-keszlet-habbetetben/maxbite-flex-head-spanner-set-foam-insert/
554,https://hu.milwaukeetool.eu/hu-hu/csavarhuzo-keszlet-3-oldalu-markolattal-habbetetben/trilobe-screwdriver-foam-insert/
555,https://hu.milwaukeetool.eu/hu-hu/stud-meroszalagok-ii/
556,https://hu.milwaukeetool.eu/hu-hu/magneses-meroszalagok-gen-iii/
557,https://hu.milwaukeetool.eu/hu-hu/szeles-premium-meroszalag/
558,https://hu.milwaukeetool.eu/hu-hu/autolock-meroszalag/
559,https://hu.milwaukeetool.eu/hu-hu/meroszalag-led-lampaval/
560,https://hu.milwaukeetool.eu/hu-hu/slimline-meroszalagok/
561,https://hu.milwaukeetool.eu/hu-hu/pro-kompakt-meroszalagok/
562,https://hu.milwaukeetool.eu/hu-hu/uvegszalas-keretes-meroszalag/
563,https://hu.milwaukeetool.eu/hu-hu/keretes-meroszalagok/
564,https://hu.milwaukeetool.eu/hu-hu/zart-meroszalag/
565,https://hu.milwaukeetool.eu/hu-hu/osszecsukhato-kompozit-merolec/
566,https://hu.milwaukeetool.eu/hu-hu/osszecsukhato-fa-merolec/
567,https://hu.milwaukeetool.eu/hu-hu/osszecsukhato-keskeny-fa-merolec/
568,https://hu.milwaukeetool.eu/hu-hu/i-beam-vizmertekek/
569,https://hu.milwaukeetool.eu/hu-hu/redstick-betonlehuzo-vizmertekek/
570,https://hu.milwaukeetool.eu/hu-hu/redstick-kompakt-vizmertekek/
571,https://hu.milwaukeetool.eu/hu-hu/redstick-vizmertekek/
572,https://hu.milwaukeetool.eu/hu-hu/keskeny-vizmertekek/
573,https://hu.milwaukeetool.eu/hu-hu/minibox-vizmertek/
574,https://hu.milwaukeetool.eu/hu-hu/kompakt-torpedo-vizmertek/
575,https://hu.milwaukeetool.eu/hu-hu/zsebvizmertek/
576,https://hu.milwaukeetool.eu/hu-hu/blokk-torpedo-vizmertek/
577,https://hu.milwaukeetool.eu/hu-hu/billet-torpedo-vizmertek/
578,https://hu.milwaukeetool.eu/hu-hu/redcast-presontesu-vizmertekek/
579,https://hu.milwaukeetool.eu/hu-hu/digitalis-vizmertekek/
580,https://hu.milwaukeetool.eu/hu-hu/teleszkopos-vizmertek/
581,https://hu.milwaukeetool.eu/hu-hu/kicsapozsinor/
582,https://hu.milwaukeetool.eu/rucni-naradi/popisovace-a%c2%a0pera-inkzall/levels/l4-cllp/
583,https://hu.milwaukeetool.eu/hu-hu/inkzall-jelolo-filc/
584,https://hu.milwaukeetool.eu/hu-hu/inkzall-vekony-hegyu-jelolo-filcek/
585,https://hu.milwaukeetool.eu/hu-hu/inkzall-szovegkiemelo-filcek/
586,https://hu.milwaukeetool.eu/hu-hu/inkzall-jelolo-filcek/
587,https://hu.milwaukeetool.eu/hu-hu/inkzall-jelolo-filcek-1/
588,https://hu.milwaukeetool.eu/hu-hu/inkzall-jelolo-filcek-erintokepernyohoz/
589,https://hu.milwaukeetool.eu/hu-hu/talpas-derekszog/
590,https://hu.milwaukeetool.eu/hu-hu/acsderekszog/
591,https://hu.milwaukeetool.eu/hu-hu/7-az-1-ben-lapos-fogo/
592,https://hu.milwaukeetool.eu/hu-hu/vde-hosszucsoru-kerek-fogo/
593,https://hu.milwaukeetool.eu/hu-hu/homlokcsipofogo/
594,https://hu.milwaukeetool.eu/hu-hu/hosszucsoru-lapos-fogo/
595,https://hu.milwaukeetool.eu/hu-hu/heavy-duty-kombinalt-fogo/
596,https://hu.milwaukeetool.eu/hu-hu/oldalcsipofogo/
597,https://hu.milwaukeetool.eu/hu-hu/vizpumpafogo/
598,https://hu.milwaukeetool.eu/hu-hu/kabelcsupaszito-fogo-6-az-1-ben/
599,https://hu.milwaukeetool.eu/hu-hu/torque-lock-lancos-onzaro-fogo/
600,https://hu.milwaukeetool.eu/hu-hu/torque-lock-allithato-onzaro-fogo/
601,https://hu.milwaukeetool.eu/hu-hu/torque-lock-c-pofas-onzaro-fogo/
602,https://hu.milwaukeetool.eu/hu-hu/vde-oldal-csipofogo/
603,https://hu.milwaukeetool.eu/rucni-naradi/rucni-naradi/vde-pliers/vde-cable-cutter/
604,https://hu.milwaukeetool.eu/hu-hu/heavy-duty-ero-oldal-csipofogo/
605,https://hu.milwaukeetool.eu/hu-hu/kombinalt-fogo/
606,https://hu.milwaukeetool.eu/hu-hu/kabelcsupaszito-fogo/
607,https://hu.milwaukeetool.eu/hu-hu/vizpumpafogo-1/
608,https://hu.milwaukeetool.eu/hu-hu/fogo-keszlet-3-reszes/
609,https://hu.milwaukeetool.eu/hu-hu/fureszkeret/
610,https://hu.milwaukeetool.eu/hu-hu/kompakt-egykezes-kezi-fureszlap-befogo/
611,https://hu.milwaukeetool.eu/hu-hu/osszecsukhato-egykezes-kezifuresz/
612,https://hu.milwaukeetool.eu/hu-hu/raspolyos-kezifuresz/
613,https://hu.milwaukeetool.eu/hu-hu/stainless-steel-cutting-blades/
614,https://hu.milwaukeetool.eu/hu-hu/racsnis-pvc-vago/
615,https://hu.milwaukeetool.eu/hu-hu/pvc-egykezes-kezifuresz/
616,https://hu.milwaukeetool.eu/hu-hu/pex-vago-1/
617,https://hu.milwaukeetool.eu/hu-hu/vagogorgok-rezcsovagohoz/
618,https://hu.milwaukeetool.eu/hu-hu/zart-elotolasu-rezcsovagok/
619,https://hu.milwaukeetool.eu/hu-hu/mini-rezcsovagok/
620,https://hu.milwaukeetool.eu/hu-hu/sorjazo/
621,https://hu.milwaukeetool.eu/hu-hu/pex-vago/
622,https://hu.milwaukeetool.eu/hu-hu/csapszegvago-allithato-karokkal/
623,https://hu.milwaukeetool.eu/hu-hu/csapszegvagok/
624,https://hu.milwaukeetool.eu/hu-hu/vde-kabelvago/
625,https://hu.milwaukeetool.eu/hu-hu/kabelvago/
626,https://hu.milwaukeetool.eu/hu-hu/csavarhuzok-3-oldalu-markolattal/
627,https://hu.milwaukeetool.eu/hu-hu/bontasra-alkalmas-csavarhuzo/
628,https://hu.milwaukeetool.eu/hu-hu/8-az-1-ben-racsnis-marokcsavarhuzo/
629,https://hu.milwaukeetool.eu/hu-hu/precizios-csavarhuzok/
630,https://hu.milwaukeetool.eu/hu-hu/utheto-bonto-csavarhuzo/
631,https://hu.milwaukeetool.eu/hu-hu/9-az-1-ben-racsnis-marokcsavarhuzo/
632,https://hu.milwaukeetool.eu/hu-hu/hollowcore-magneses-csokulcsok/
633,https://hu.milwaukeetool.eu/hu-hu/tri-lobe-vde-csavarhuzok/
634,https://hu.milwaukeetool.eu/hu-hu/vde-keskeny-csavarhuzok/
635,https://hu.milwaukeetool.eu/hu-hu/vde-szigetelt-csavarhuzok/
636,https://hu.milwaukeetool.eu/hu-hu/kampo-keszlet/
637,https://hu.milwaukeetool.eu/hu-hu/8243;-krom-dugokulcsok/
638,https://hu.milwaukeetool.eu/hu-hu/1-4-racsnis-dugokulcs-keszlet/
639,https://hu.milwaukeetool.eu/hu-hu/188;-8243;-krom-dugokulcsok/
640,https://hu.milwaukeetool.eu/hu-hu/8243;-krom-dugokulcsok-1/
641,https://hu.milwaukeetool.eu/hu-hu/8243;-racsni-valtokaros/
642,https://hu.milwaukeetool.eu/hu-hu/8243;-csuklos-hajtokar/
643,https://hu.milwaukeetool.eu/hu-hu/racsni-es-dugokulcs-keszletek/
644,https://hu.milwaukeetool.eu/hu-hu/8243;-racsni-valtokaros-1/
645,https://hu.milwaukeetool.eu/hu-hu/8243;-racsni-valtokaros-2/
646,https://hu.milwaukeetool.eu/hu-hu/8243;-racsnis-dugokulcs-keszlet/
647,https://hu.milwaukeetool.eu/hu-hu/cheater-aluminium-allithato-csokulcs/
648,https://hu.milwaukeetool.eu/hu-hu/sarokcsofogo/
649,https://hu.milwaukeetool.eu/hu-hu/cheater-allithato-csokulcs/
650,https://hu.milwaukeetool.eu/hu-hu/acel-es-aluminium-csokulcsok/
651,https://hu.milwaukeetool.eu/hu-hu/allithato-pofaju-villaskulcsok/
652,https://hu.milwaukeetool.eu/hu-hu/teleszkopos-csaptelepkulcs/
653,https://hu.milwaukeetool.eu/hu-hu/max-bite-csuklos-feju-racsnis-csillag-villaskulcs/
654,https://hu.milwaukeetool.eu/hu-hu/max-bite-racsnis-csillag-villaskulcsok/
655,https://hu.milwaukeetool.eu/hu-hu/max-bite-csillag-villaskulcs/
656,https://hu.milwaukeetool.eu/hu-hu/racsnis-csavarkulcs/
657,https://hu.milwaukeetool.eu/hu-hu/max-bite-racsnis-csillag-villaskulcs-keszletek/
658,https://hu.milwaukeetool.eu/hu-hu/max-bite-csillag-villaskulcs-keszletek/
659,https://hu.milwaukeetool.eu/hu-hu/betonfuroszarak-3-oldalas-befogassal/
660,https://hu.milwaukeetool.eu/hu-hu/sds-plus-mx4-4-cut-5-pc-pack/
661,https://hu.milwaukeetool.eu/hu-hu/sds-plus-hosszabbito/
662,https://hu.milwaukeetool.eu/hu-hu/sds-max-4-elu-pormentes-furok-egy-darabbol-kialakitott/
663,https://hu.milwaukeetool.eu/hu-hu/sds-plus-mx4-4-elu-furok/
664,"https://hu.milwaukeetool.eu/hu-hu/sds-plus-mx4-4-elu-furok,-10-darabos-kiszerelesben/"
665,"https://hu.milwaukeetool.eu/hu-hu/sds-plus-mx4-4-elu-furok,-50-darabos-kiszerelesben/"
666,https://hu.milwaukeetool.eu/hu-hu/sds-plus-mx4-4-elu-furok-keszletben/
667,https://hu.milwaukeetool.eu/hu-hu/sds-plus-m2-2-elu-furok/
668,"https://hu.milwaukeetool.eu/hu-hu/sds-plus-m2-2-elu-furok,-10-darabos-kiszerelesben/"
669,"https://hu.milwaukeetool.eu/hu-hu/sds-plus-m2-2-elu-furok,-50-darabos-kiszerelesben/"
670,https://hu.milwaukeetool.eu/hu-hu/sds-plus-m2-2-elu-furok-muanyag-dobozban/
671,https://hu.milwaukeetool.eu/hu-hu/univerzalis-sds-plus-tct-furok/
672,https://hu.milwaukeetool.eu/hu-hu/sds-plus-tct-magfurok/
673,https://hu.milwaukeetool.eu/hu-hu/tct-univerzalis-lyukfurokeszlet/
674,https://hu.milwaukeetool.eu/hu-hu/sds-plus-tct-magfuro-befogok/
675,https://hu.milwaukeetool.eu/hu-hu/sds-plus-4-elu-pormentes-furoszarak-egy-darabbol-kialakitott/
676,https://hu.milwaukeetool.eu/hu-hu/sds-max-4-elu-furok/
677,"https://hu.milwaukeetool.eu/hu-hu/sds-max-furok,-4-elu-szettek/"
678,https://hu.milwaukeetool.eu/hu-hu/sds-max-tct-magfurok-egy-darabbol-kialakitott/
679,https://hu.milwaukeetool.eu/hu-hu/sds-max-tct-furokoronak-ket-darabbol-kialakitott/
680,https://hu.milwaukeetool.eu/hu-hu/sds-max-varialhato-toldo-rendszer/
681,https://hu.milwaukeetool.eu/hu-hu/sds-max-tct-attoro-furok-egy-darabbol-kialakitott/
682,https://hu.milwaukeetool.eu/hu-hu/betonfurok-hengeres-szar-din-8039/
683,https://hu.milwaukeetool.eu/hu-hu/betonfurok-kerek-befogas-din-8039-szettek/
684,https://hu.milwaukeetool.eu/hu-hu/premium-betonfurok-hengeres-szar-din-8039/
685,https://hu.milwaukeetool.eu/hu-hu/hss-tin-fem-furoszarak-5-es-10-darabos-csomag/
686,https://hu.milwaukeetool.eu/hu-hu/shockwave-impact-duty-lepcsos-furok/
687,https://hu.milwaukeetool.eu/hu-hu/red-hex-shockwave-hss-g-titan-nitrid-femfurok/
688,https://hu.milwaukeetool.eu/hu-hu/red-hex-shockwave-hss-tin-metal-drill-bits-sets/
689,https://hu.milwaukeetool.eu/hu-hu/lepcsos-furok/
690,https://hu.milwaukeetool.eu/hu-hu/step-drill-sets/
691,https://hu.milwaukeetool.eu/hu-hu/red-cobalt-hss-g-co-femfurok-din-338/
692,https://hu.milwaukeetool.eu/hu-hu/red-cobalt-hss-g-co-femfurok-din-338-5-es-10-darabos-kiszereles/
693,https://hu.milwaukeetool.eu/hu-hu/red-cobalt-hss-g-co-femfurok-din-338-muanyag-dobozban/
694,https://hu.milwaukeetool.eu/hu-hu/thunderweb-hss-g-femfuro-din338/
695,https://hu.milwaukeetool.eu/hu-hu/thunderweb-din-338-5-es-10-darabos-kiszereles/
696,https://hu.milwaukeetool.eu/hu-hu/thunderweb-femfurok-din-338-tarolo-dobozban/
697,"https://hu.milwaukeetool.eu/hu-hu/hss-femfurok,-rovid-din-1897-5-es-10-darabos-kiszereles/"
698,https://hu.milwaukeetool.eu/hu-hu/ketvegu-hss-g-femfurok/
699,"https://hu.milwaukeetool.eu/hss-femfurok,-hosszu-din-340hss-femfurok,-hosszu-din-340/"
700,"https://hu.milwaukeetool.eu/hu-hu/hss-femfurok,-hosszu-din-340-5-es-10-darabos-kiszereles/"
701,https://hu.milwaukeetool.eu/shockwave-impact-duty-hss-g-furoszar-keszlet/shockwave-hss-ground-drill-set/
702,https://hu.milwaukeetool.eu/tartozekok/furas/fem/hss-g/contractor-50-pc-set/
703,https://hu.milwaukeetool.eu/hss-r-gorgosen-hengerelt-fem-furok-rovid-szarral-din-1/
704,https://hu.milwaukeetool.eu/hu-hu/hss-r-gorgosen-hengerelt-fem-furok-10-vagy-13-mm-es-befogassal/
705,"https://hu.milwaukeetool.eu/hu-hu/hss-r-fem-furok-din-338,-5-es-10-darabos-kiszereles/"
706,https://hu.milwaukeetool.eu/hu-hu/hss-r-keszletek-din-338/
707,"https://hu.milwaukeetool.eu/hu-hu/hss-r-fem-furok-din-338,-tarolo-szekrenyben-345-reszes/"
708,https://hu.milwaukeetool.eu/tartozekok/furas/fem/hss-r/contractor-100-pc-set/
709,https://hu.milwaukeetool.eu/hu-hu/hss-magfurok/
710,https://hu.milwaukeetool.eu/hu-hu/hhs-magfurok/
711,https://hu.milwaukeetool.eu/hu-hu/hss-magfuro-keszlet/
712,https://hu.milwaukeetool.eu/hu-hu/kiuto-ekek/
713,https://hu.milwaukeetool.eu/hu-hu/tct-roszdamentes-acel-lyukfureszek/
714,https://hu.milwaukeetool.eu/hu-hu/hcs-lyukfureszek/
715,https://hu.milwaukeetool.eu/hu-hu/rendszertartozekok-hcs-lyukfureszek/
716,https://hu.milwaukeetool.eu/hu-hu/hole-dozer-bi-metal-lyukfuresz-packout-keszletek/
717,https://hu.milwaukeetool.eu/hu-hu/big-hawg-tobbfunkcios-lyukfureszek/
718,https://hu.milwaukeetool.eu/hu-hu/big-hawg-tobbfunkcios-lyukfuresz-keszlet/
719,https://hu.milwaukeetool.eu/hu-hu/hole-dozer-lyukfuresz-karbid-fogakkal/
720,https://hu.milwaukeetool.eu/hu-hu/bimetal-lyukfuresz/
721,https://hu.milwaukeetool.eu/hu-hu/bimetal-lyukfuresz-1/
722,https://hu.milwaukeetool.eu/hu-hu/hole-dozer-bimetal-kobalt-lyukfureszek-nagy-kiszereles/
723,"https://hu.milwaukeetool.eu/hu-hu/big-hawg-tobbfele-anyaghoz,-kozpontfuro/"
724,https://hu.milwaukeetool.eu/hu-hu/allithato-lyukfuresz/
725,https://hu.milwaukeetool.eu/hu-hu/hole-dozer-bimetal-kobalt-lyukfureszek/
726,https://hu.milwaukeetool.eu/hu-hu/hole-dozer-lyukfuresz-keszletek/
727,https://hu.milwaukeetool.eu/hu-hu/univerzalis-tct-lyukfureszek/
728,https://hu.milwaukeetool.eu/hu-hu/rendszer-tartozekok-tct-univerzalis-lyukfureszhez/
729,https://hu.milwaukeetool.eu/hu-hu/diamond-plus-8243;-vizes-szaraz-furoszarak/
730,https://hu.milwaukeetool.eu/hu-hu/diamond-plus-vizes-szaraz-lyukfureszek/
731,https://hu.milwaukeetool.eu/hu-hu/shockwave-impact-lyukfureszek-utvecsavarozohoz/
732,https://hu.milwaukeetool.eu/hu-hu/rovid-kivitel/
733,https://hu.milwaukeetool.eu/hu-hu/hosszu-kivitel/
734,https://hu.milwaukeetool.eu/hu-hu/csigas-kakalapacsfuro-szett/
735,https://hu.milwaukeetool.eu/hu-hu/rendszertartozekok/
736,https://hu.milwaukeetool.eu/hu-hu/fafurok/
737,https://hu.milwaukeetool.eu/hu-hu/csigafuro-keszletek/
738,https://hu.milwaukeetool.eu/hu-hu/fafuro-keszlet-kozpontosito-csuccsal-din-7487-e-1/
739,https://hu.milwaukeetool.eu/hu-hu/fafuro-keszlet-kozpontosito-csuccsal-din-7487-e/
740,https://hu.milwaukeetool.eu/hu-hu/lapos-furok/
741,https://hu.milwaukeetool.eu/hu-hu/lapos-furok-keszletek/
742,https://hu.milwaukeetool.eu/hu-hu/toldoszar/
743,https://hu.milwaukeetool.eu/hu-hu/speed-feed-fafurok/
744,https://hu.milwaukeetool.eu/hu-hu/speed-feed-furok-szettek/
745,https://hu.milwaukeetool.eu/hu-hu/switchblade-ontolasos-furok/
746,https://hu.milwaukeetool.eu/hu-hu/switchblade-5-darabos-keszlet/
747,https://hu.milwaukeetool.eu/hu-hu/ontolasos-furok/
748,https://hu.milwaukeetool.eu/hu-hu/nagy-ontolasos-furok/
749,https://hu.milwaukeetool.eu/hu-hu/ontolasos-furokeszlet/
750,https://hu.milwaukeetool.eu/hu-hu/switchblade-cserelheto-pengek/
751,https://hu.milwaukeetool.eu/hu-hu/switchblade-szerviz-szett/
752,https://hu.milwaukeetool.eu/hu-hu/rendszer-dugokulcs-ontolasos-furokhoz/
753,https://hu.milwaukeetool.eu/hu-hu/alkatreszek-nagy-ontolasos-furokhoz/
754,https://hu.milwaukeetool.eu/hu-hu/forstner-furok/
755,https://hu.milwaukeetool.eu/hu-hu/forstner-furok-keszletek/
756,https://hu.milwaukeetool.eu/tct-forstner-furok/
757,https://hu.milwaukeetool.eu/hu-hu/hss-zsaluzatfurok-din-7490/
758,https://hu.milwaukeetool.eu/hu-hu/m14-gyemant-marofej/
759,https://hu.milwaukeetool.eu/hu-hu/m14-gyemant-fazekkorong/
760,https://hu.milwaukeetool.eu/hu-hu/motorbrackter-for-mxf-dr255tv/
761,https://hu.milwaukeetool.eu/hu-hu/diamond-max-m14-szaraz-gyemantfurok/
762,https://hu.milwaukeetool.eu/hu-hu/mx-fuel-thin-kerf-vizes-gyemant-furokoronak/
763,https://hu.milwaukeetool.eu/hu-hu/szaraz-gyemant-furas-porelszivas-nelkul-elektromos-csatlakozo-dobozokhoz-dcu-dch/
764,"https://hu.milwaukeetool.eu/hu-hu/szarazfuras-gyemant-furokoronaval,-porelszivas-nelkul-dch-150/"
765,https://hu.milwaukeetool.eu/hu-hu/szaraz-gyemant-magfurok-elektromos-csatlakozo-dobozokhoz-porelszivassal-dchx/
766,https://hu.milwaukeetool.eu/hu-hu/szaraz-gyemant-magfurok-porelszivassal-dchxl/
767,https://hu.milwaukeetool.eu/hu-hu/fixtec-megoldas-porelszivoval-1/
768,https://hu.milwaukeetool.eu/hu-hu/fixtec-megoldas-porelszivoval/
769,https://hu.milwaukeetool.eu/hu-hu/vezeto-szar-dd3-152-hoz-sds-plus-kozpontosito-furohoz/
770,https://hu.milwaukeetool.eu/hu-hu/guide-rod-for-dd3-152-requires-sds-plus-pilot-drill-bit/
771,https://hu.milwaukeetool.eu/hu-hu/gyemant-furokoronak-nedves-furashoz-wchp-sb-50-mm-ig/
772,https://hu.milwaukeetool.eu/hu-hu/gyemant-furokoronak-nedves-furashoz-wchp-es-wchp-sb-52-mm-felett/
773,https://hu.milwaukeetool.eu/hu-hu/rendszertartozekok-vizes-gyemantfuras/
774,https://hu.milwaukeetool.eu/hu-hu/tobbfunkcios-furoszarak-1-4-hex-befogassal/
775,https://hu.milwaukeetool.eu/hu-hu/tobbfunkcios-furoszarak/
776,https://hu.milwaukeetool.eu/hu-hu/tobbfunkcios-furokeszlet/
777,https://hu.milwaukeetool.eu/hu-hu/uveg-es-csempefurok/
778,"https://hu.milwaukeetool.eu/hu-hu/kenozsir,-magyarorszagon-nem-rendelheto!/"
779,https://hu.milwaukeetool.eu/hu-hu/adapter/
780,https://hu.milwaukeetool.eu/hu-hu/furocsatlakoztato-adapter/
781,https://hu.milwaukeetool.eu/hu-hu/toldoszarak/
782,https://hu.milwaukeetool.eu/hu-hu/furovezeto/
783,https://hu.milwaukeetool.eu/hu-hu/toldoszarak-1/
784,https://hu.milwaukeetool.eu/hu-hu/lyukfureszek-alkatreszei/
785,https://hu.milwaukeetool.eu/hu-hu/rendszertartozekok-lyukfureszek/
786,https://hu.milwaukeetool.eu/hu-hu/fixtec-megoldas-porelszivo-nelkul/
787,https://hu.milwaukeetool.eu/hu-hu/kozpontosito-csillag/
788,"https://hu.milwaukeetool.eu/hu-hu/1-8243;-nyitott-vegu-csavarkulcs-a-motor-tengelykimenetenek-tartasara,-amely-eltavolitja-a-bit-magjat/"
789,"https://hu.milwaukeetool.eu/hu-hu/32-mm-es-csavarkulcs-a-motor-tengelykimenetenek-tartasara,-amely-eltavolitja-a-bit-magjat/"
790,https://hu.milwaukeetool.eu/hu-hu/m12-m18-porelvezeto-rendszertartozekok/
791,https://hu.milwaukeetool.eu/hu-hu/oldalfogantyuk/
792,https://hu.milwaukeetool.eu/hu-hu/porelszivas/
793,https://hu.milwaukeetool.eu/hu-hu/sds-max-self-sharpening-chisels/
794,https://hu.milwaukeetool.eu/hu-hu/sds-max-sledge-onelezo-vesok/
795,https://hu.milwaukeetool.eu/hu-hu/sds-max-mortar-chisel/
796,https://hu.milwaukeetool.eu/hu-hu/sds-max-karbid-fog-eltavolito-vesok/
797,https://hu.milwaukeetool.eu/hu-hu/sds-max-onelezo-lapos-veso/
798,https://hu.milwaukeetool.eu/hu-hu/pchde-univerzalis-porelszivasi-megoldas-veseshez/
799,https://hu.milwaukeetool.eu/hu-hu/elektroda-fold-rudazat-behajto-1/
800,https://hu.milwaukeetool.eu/hu-hu/hegyes-vesok/
801,https://hu.milwaukeetool.eu/hu-hu/lapos-vesok-1/
802,https://hu.milwaukeetool.eu/hu-hu/szeles-vesok/
803,"https://hu.milwaukeetool.eu/hu-hu/csempe-veso,-hajlitott/"
804,https://hu.milwaukeetool.eu/hu-hu/horonyvesok/
805,https://hu.milwaukeetool.eu/hu-hu/asovesok/
806,https://hu.milwaukeetool.eu/hu-hu/feluletkezeles-padlotisztito-szerszamok/
807,https://hu.milwaukeetool.eu/hu-hu/sds-plus-szarnyas-veso/
808,https://hu.milwaukeetool.eu/hu-hu/sds-plus-sledge-onelezo-vesok/
809,https://hu.milwaukeetool.eu/hu-hu/sds-plus-mortar-chisels/
810,https://hu.milwaukeetool.eu/hu-hu/sds-plus-hegyes-veso/
811,https://hu.milwaukeetool.eu/hu-hu/sds-plus-lapos-veso/
812,https://hu.milwaukeetool.eu/hu-hu/hegyes-vesok-1/
813,https://hu.milwaukeetool.eu/hu-hu/lapos-veso/
814,https://hu.milwaukeetool.eu/hu-hu/szeles-veso/
815,https://hu.milwaukeetool.eu/hu-hu/veso-szett/
816,https://hu.milwaukeetool.eu/hu-hu/csempevesok/
817,https://hu.milwaukeetool.eu/hu-hu/sds-plus-horony-veso/
818,https://hu.milwaukeetool.eu/hu-hu/vakolatveso/
819,https://hu.milwaukeetool.eu/hu-hu/padlotisztito/
820,https://hu.milwaukeetool.eu/hu-hu/21mm-hex-pointed-chisel/
821,https://hu.milwaukeetool.eu/hu-hu/21-mm-hex-flat-chisels/
822,https://hu.milwaukeetool.eu/hu-hu/21-mm-hex-wide-chisel/
823,https://hu.milwaukeetool.eu/hu-hu/21-mm-hex-spade-chisels/
824,https://hu.milwaukeetool.eu/hu-hu/21mm-hex-toolholder/
825,https://hu.milwaukeetool.eu/hu-hu/21-mm-hex-tamping-plate/
826,https://hu.milwaukeetool.eu/hu-hu/28-mm-hex-spade-chisel/
827,https://hu.milwaukeetool.eu/hu-hu/28-mm-hex-asphalt-cutter/
828,https://hu.milwaukeetool.eu/hu-hu/28-mm-hex-toolholder/
829,https://hu.milwaukeetool.eu/hu-hu/28-mm-hex-tamping-plate/
830,https://hu.milwaukeetool.eu/hu-hu/30-mm-hex-flat-wide-chisel/
831,https://hu.milwaukeetool.eu/hu-hu/30-mm-hex-toolholder/
832,https://hu.milwaukeetool.eu/hu-hu/kupos-dongololemez-szerszamtarto-30-mm-es-hex/
833,https://hu.milwaukeetool.eu/hu-hu/aszfaltvago-30-mm-es-hex/
834,https://hu.milwaukeetool.eu/hu-hu/aso-veso-30-mm-es-hex/
835,https://hu.milwaukeetool.eu/hu-hu/lapos-veso-30-mm-es-hex/
836,https://hu.milwaukeetool.eu/hu-hu/hegyes-veso-30-mm-es-hex/
837,https://hu.milwaukeetool.eu/hu-hu/hegyes-veso-28-mm-es-hex/
838,https://hu.milwaukeetool.eu/hu-hu/lapos-veso-28-mm-es-hex/
839,https://hu.milwaukeetool.eu/hu-hu/lapos-veso-28-mm-es-hex-1/
840,https://hu.milwaukeetool.eu/hu-hu/hegyes-veso/
841,https://hu.milwaukeetool.eu/hu-hu/lapos-vesok/
842,https://hu.milwaukeetool.eu/hu-hu/elektroda-fold-rudazat-behajto/
843,https://hu.milwaukeetool.eu/hu-hu/padlotisztito-szerszamok/
844,https://hu.milwaukeetool.eu/hu-hu/univerzalis-felfogoszarak/
845,https://hu.milwaukeetool.eu/hu-hu/porvedo/
846,https://hu.milwaukeetool.eu/hu-hu/sds-max-tooth-removal-chisel/
847,https://hu.milwaukeetool.eu/hu-hu/impact-socket-square-adaptor-set/
848,https://hu.milwaukeetool.eu/hu-hu/impact-sockets-rails-clips/
849,https://hu.milwaukeetool.eu/hu-hu/shockwave-impact-duty-screwdriving-bits-tx-bo/
850,https://hu.milwaukeetool.eu/hu-hu/shockwave-impact-duty-gyorstokmanyos-bittartok/
851,https://hu.milwaukeetool.eu/hu-hu/shockwave-impact-duty-csavarozo-bitek/
852,https://hu.milwaukeetool.eu/hu-hu/shockwave-impact-duty-csavarozo-bitek-3/
853,https://hu.milwaukeetool.eu/hu-hu/shockwave-impact-duty-csavarozo-bitek-1/
854,https://hu.milwaukeetool.eu/hu-hu/shockwave-impact-duty-csavarozo-bitek-2/
855,https://hu.milwaukeetool.eu/hu-hu/shockwave-impact-duty-csavarozo-bitek-4/
856,https://hu.milwaukeetool.eu/hu-hu/shockwave-impact-duty-keszletek/
857,https://hu.milwaukeetool.eu/hu-hu/shockwave-impact-duty-keszletek-1/
858,https://hu.milwaukeetool.eu/hu-hu/shockwave-impact-duty-magneses-dugokulcs/
859,https://hu.milwaukeetool.eu/hu-hu/shockwave-magneses-dugokulcs-keszlet/
860,https://hu.milwaukeetool.eu/hu-hu/1-2-dugokulcsok-adapterek/
861,https://hu.milwaukeetool.eu/prislusenstvi/utahovani/bity-a%c2%a0zdirky-shockwave-pro-pouziti-s%c2%a0priklepem/adaptery/1-2-impact-socket-adaptor/
862,https://hu.milwaukeetool.eu/hu-hu/shockwave-impact-duty-magneses-bittarto/
863,https://hu.milwaukeetool.eu/hu-hu/1-2-shockwave-impact-duty-impact-sockets-deep/
864,https://hu.milwaukeetool.eu/hu-hu/1-2-impact-sockets-reducers/
865,https://hu.milwaukeetool.eu/hu-hu/1-2-impact-sockets-universal-joint/
866,https://hu.milwaukeetool.eu/hu-hu/1-2-impact-socket-sets-ii/
867,https://hu.milwaukeetool.eu/hu-hu/3-4-impact-adaptors-reducers-ii/
868,https://hu.milwaukeetool.eu/hu-hu/3-4-shockwave-impact-duty-impact-sockets-deep/
869,https://hu.milwaukeetool.eu/hu-hu/3-4-impact-sockets-extensions/
870,https://hu.milwaukeetool.eu/hu-hu/1-shockwave-impact-duty-impact-sockets-standard/
871,https://hu.milwaukeetool.eu/hu-hu/1-impact-sockets-extensions/
872,https://hu.milwaukeetool.eu/hu-hu/1-2-shockwave-impact-duty-impact-sockets-standard/
873,https://hu.milwaukeetool.eu/hu-hu/1-2-impact-sockets-extensions/
874,https://hu.milwaukeetool.eu/hu-hu/8540;%c2%a0-8243;-shockwave-impact-duty-dugokulcs-keszlet/
875,https://hu.milwaukeetool.eu/hu-hu/189;-8243;-dugokulcsbetet-belso-torx-csavarokhoz/
876,https://hu.milwaukeetool.eu/hu-hu/8243;-shockwave-impact-duty-dugokulcsok-1/
877,https://hu.milwaukeetool.eu/hu-hu/8243;-shockwave-impact-duty-dugokulcsok/
878,https://hu.milwaukeetool.eu/hu-hu/8243;-shockwave-impact-duty-dugokulcsok-hosszu/
879,https://hu.milwaukeetool.eu/hu-hu/8243;-dugokulcs-adapterek/
880,https://hu.milwaukeetool.eu/hu-hu/8243;-dugokulcs-hosszabbitok/
881,https://hu.milwaukeetool.eu/hu-hu/189;-8243;-shockwave-impact-duty-dugokulcsok/
882,https://hu.milwaukeetool.eu/hu-hu/189;-8243;-dugokulcs-hosszabbitok/
883,https://hu.milwaukeetool.eu/hu-hu/189;-8243;-dugokulcsbetet-belso-hatlapu-csavarokhoz/
884,https://hu.milwaukeetool.eu/hu-hu/3-4-8243;-shockwave-impact-duty-dugokulcs-hosszu/
885,https://hu.milwaukeetool.eu/hu-hu/3-4-8243;-dugokulcs-hosszabbito/
886,https://hu.milwaukeetool.eu/hu-hu/3-4-8243;-dugokulcsok-biztonsagi-kiegeszitok/
887,https://hu.milwaukeetool.eu/hu-hu/1-shockwave-impact-duty-dugokulcs/
888,https://hu.milwaukeetool.eu/hu-hu/1-8243;-dugokulcs-hosszabito/
889,https://hu.milwaukeetool.eu/hu-hu/1-8243;-dugokulcsok-biztonsagi-kiegeszitok/
890,https://hu.milwaukeetool.eu/hu-hu/1-2-shockwave-impact-duty-dugokulcs-keszlet-konnyufem-felnikhez/
891,https://hu.milwaukeetool.eu/hu-hu/shockwave-sarokcsavarozo-adapter/
892,https://hu.milwaukeetool.eu/hu-hu/knuckle/
893,https://hu.milwaukeetool.eu/hu-hu/osd2-sarokfuro-csavarozo-adapter/
894,https://hu.milwaukeetool.eu/hu-hu/csavarozo-bitek/
895,https://hu.milwaukeetool.eu/hu-hu/csavarozo-bittek/
896,https://hu.milwaukeetool.eu/hu-hu/csavarozo-bitek-1/
897,https://hu.milwaukeetool.eu/hu-hu/kompakt-csavarbehajto-bitkeszlet/
898,https://hu.milwaukeetool.eu/hu-hu/magneses-bittartok/
899,https://hu.milwaukeetool.eu/hu-hu/20%c2%b0-kerekfeju-szegek/
900,https://hu.milwaukeetool.eu/hu-hu/34%c2%b0-d-feju-szegek/
901,https://hu.milwaukeetool.eu/hu-hu/extended-magazine-for-m18-fuel-framing-nailer/
902,https://hu.milwaukeetool.eu/hu-hu/18-ga-fejnelkuli-szegek/
903,https://hu.milwaukeetool.eu/hu-hu/16-ga-szeg/
904,https://hu.milwaukeetool.eu/hu-hu/tuzokapcsok/
905,https://hu.milwaukeetool.eu/hu-hu/szegek-es-tuzokapcsok/
906,https://hu.milwaukeetool.eu/hu-hu/vagokorong-kohoz-350-mm/
907,https://hu.milwaukeetool.eu/hu-hu/vekony-femvago-tarcsak-epitoipari-szeria/
908,https://hu.milwaukeetool.eu/hu-hu/femcsiszolo-tarcsa-epitoipari-szeria/
909,https://hu.milwaukeetool.eu/hu-hu/vagokorongok-kohoz-pro/
910,https://hu.milwaukeetool.eu/hu-hu/vekony-femvago-tarcsak-pro/
911,https://hu.milwaukeetool.eu/hu-hu/vagotarcsak-femdarabolohoz-pro/
912,https://hu.milwaukeetool.eu/hu-hu/csiszolokorongok-femhez-pro/
913,https://hu.milwaukeetool.eu/hu-hu/cera-turbo-keramia-szemcses-csiszolotarcsak-xl/
914,https://hu.milwaukeetool.eu/hu-hu/csiszolotarcsak-aluminiumhoz/
915,https://hu.milwaukeetool.eu/hu-hu/keramia-szemcses-csiszolotarcsak/
916,https://hu.milwaukeetool.eu/hu-hu/cirkonium-szemcses-csiszolotarcsak/
917,https://hu.milwaukeetool.eu/hu-hu/sanding-belts-75-x-457-mm/
918,https://hu.milwaukeetool.eu/hu-hu/80-x-133-mm/
919,https://hu.milwaukeetool.eu/93-x-185-mm/
920,https://hu.milwaukeetool.eu/hu-hu/93-x-230-mm/
921,https://hu.milwaukeetool.eu/hu-hu/115-x-140-mm/
922,https://hu.milwaukeetool.eu/hu-hu/115-x-107-mm/
923,https://hu.milwaukeetool.eu/hu-hu/%c3%b8-125-mm-8-lyuku/
924,https://hu.milwaukeetool.eu/hu-hu/%c3%b8-150-mm-6-lyuku/
925,https://hu.milwaukeetool.eu/hu-hu/rendszertartozekok-excenter-csiszolok/
926,https://hu.milwaukeetool.eu/hu-hu/105-x-105-mm/
927,https://hu.milwaukeetool.eu/hu-hu/100-x-147-mm/
928,https://hu.milwaukeetool.eu/51-x-95-mm/
929,https://hu.milwaukeetool.eu/hu-hu/75-x-533-mm/
930,https://hu.milwaukeetool.eu/hu-hu/100-x-560-mm/
931,https://hu.milwaukeetool.eu/hu-hu/100-x-610-mm/
932,https://hu.milwaukeetool.eu/hu-hu/100-x-620-mm/
933,https://hu.milwaukeetool.eu/hu-hu/kivalo-minosegu-polirozo-tartozekok-tepozaras-rendszer-8960;-125-mm/
934,https://hu.milwaukeetool.eu/hu-hu/rendszertartozekok-polirozo-tepozaras-rendszer-%c3%b8-125-150-m/
935,https://hu.milwaukeetool.eu/hu-hu/polirozo-tartozekok/
936,https://hu.milwaukeetool.eu/hu-hu/diamond-cup-wheels-grinding-disc/
937,https://hu.milwaukeetool.eu/hu-hu/gyemant-fazekkorongok/
938,https://hu.milwaukeetool.eu/hu-hu/szegmenses-gyemant-fazekkorong/
939,https://hu.milwaukeetool.eu/hu-hu/fixtec-anya-xl/
940,https://hu.milwaukeetool.eu/hu-hu/rugalmas-korong-alatetek/
941,https://hu.milwaukeetool.eu/prislusenstvi/odstranovani-materialu/systemove-doplnky/fixtec-nuts/
942,https://hu.milwaukeetool.eu/hu-hu/tobbfunkcios-nagy-teljesitmenyu-wrecker-karbidfogas-fureszlapok/
943,https://hu.milwaukeetool.eu/hu-hu/fem-heavy-duty-torch-nitrus-carbide-fureszlapok/
944,https://hu.milwaukeetool.eu/hu-hu/fem-heavy-duty-torch-kemenyfem-fogazatu-bonto-fureszlapok/
945,https://hu.milwaukeetool.eu/hu-hu/szeges-fa-heavy-duty-ax-carbide-bonto-fureszlap/
946,https://hu.milwaukeetool.eu/hu-hu/szeges-fa-heavy-duty-ax-bonto-fureszlap/
947,https://hu.milwaukeetool.eu/hu-hu/szeges-fa-thin-kerf-bonto-fureszlap/
948,https://hu.milwaukeetool.eu/hu-hu/tobbfunkcios-extra-heavy-duty-wrecker-fureszlapok/
949,https://hu.milwaukeetool.eu/hu-hu/fem-heavy-duty-torch-bonto-fureszlapok/
950,https://hu.milwaukeetool.eu/hu-hu/fem-thin-kerf-fureszlapok/
951,https://hu.milwaukeetool.eu/hu-hu/fa-fem-muanyag-univerzalis-fureszlapok/
952,https://hu.milwaukeetool.eu/hu-hu/fa-es-muanyag/
953,https://hu.milwaukeetool.eu/hu-hu/specialis-alkalmazas-ontottvas-csiszolo-anyagok-uvegszal/
954,https://hu.milwaukeetool.eu/hu-hu/specialis-alkalmazas-szigeteloanyag-karton-hab/
955,https://hu.milwaukeetool.eu/hu-hu/specialis-alkalmazas-fagyott-anyagok/
956,https://hu.milwaukeetool.eu/hu-hu/specialis-alkalmazas-flush-cut-fureszlap-sullyeszto-vagasokhoz/
957,https://hu.milwaukeetool.eu/hu-hu/specialis-alkalmazasok-femlemezvago-fureszlap/
958,https://hu.milwaukeetool.eu/hu-hu/specialis-alkalmazasok-fureszlap-gipszkarton-vagasahoz/
959,https://hu.milwaukeetool.eu/hu-hu/hackzall-fureszlapok/
960,https://hu.milwaukeetool.eu/hu-hu/sawzall%c2%ae-fureszlap-keszletek/
961,https://hu.milwaukeetool.eu/hu-hu/hagyomanyos-fureszlapok/
962,https://hu.milwaukeetool.eu/hu-hu/ivesen-vago-fureszlapok/
963,https://hu.milwaukeetool.eu/hu-hu/gyorsvago-fureszlapok/
964,https://hu.milwaukeetool.eu/hu-hu/gyors-es-tiszta-vagast-biztosito-fureszlap/
965,https://hu.milwaukeetool.eu/hu-hu/tiszta-es-forgacs-nelkul-vago-fureszlapok/
966,https://hu.milwaukeetool.eu/hu-hu/preciz-egyenes-vago-fureszlapok-konyhai-munkak/
967,https://hu.milwaukeetool.eu/hu-hu/specialis-alkalmazasok-konyhai-munkak-es-laminalt-faforgacslemezek/
968,https://hu.milwaukeetool.eu/hu-hu/specialis-alkalmazas-parkettak-es-laminalt-padlok/
969,https://hu.milwaukeetool.eu/hu-hu/hagyomanyos-szurofureszlapok/
970,https://hu.milwaukeetool.eu/hu-hu/univerzalis-szurofureszlapok/
971,https://hu.milwaukeetool.eu/hu-hu/ivesen-vago-szurofureszlapok/
972,https://hu.milwaukeetool.eu/hu-hu/specialis-alkalmazasok-aluminium/
973,https://hu.milwaukeetool.eu/hu-hu/specialis-alkalmazasok-rozsdamentes-acel/
974,https://hu.milwaukeetool.eu/hu-hu/specialis-alkalmazas-uvegszal-erositett-muanyag-akriluveg/
975,https://hu.milwaukeetool.eu/hu-hu/specialis-alkalmazas-csiszoloanyagok-es-ontottvas/
976,https://hu.milwaukeetool.eu/hu-hu/specialis-alkalmazas-szigeteloanyag/
977,https://hu.milwaukeetool.eu/hu-hu/u-befogasu-fureszlapok/
978,https://hu.milwaukeetool.eu/hu-hu/szurofureszlap-szett-t-befogasu-fureszlapok/
979,https://hu.milwaukeetool.eu/hu-hu/korfureszlapok-gervagokhoz-1/
980,https://hu.milwaukeetool.eu/766/
981,https://hu.milwaukeetool.eu/hu-hu/korfureszlapok-asztali-korfureszekhez/
982,https://hu.milwaukeetool.eu/hu-hu/korfureszlapok-kezi-korfureszekhez/
983,https://hu.milwaukeetool.eu/korfureszlapok-asztali-fureszhez/
984,https://hu.milwaukeetool.eu/hu-hu/korfureszlapok-femhez/
985,"https://hu.milwaukeetool.eu/hu-hu/premium-szalagfureszlap-776,29-x-12,7-x-0,51-mm/"
986,https://hu.milwaukeetool.eu/hu-hu/vedoburkolat-szalagfureszekhez/
987,https://hu.milwaukeetool.eu/hu-hu/premium-fureszlap-szalagfureszhez-113983-x-127-x-051-mm/
988,https://hu.milwaukeetool.eu/hu-hu/premium-fureszlap-szalagfureszhez-89852-x-127-x-051-mm/
989,https://hu.milwaukeetool.eu/hu-hu/premium-fureszlap-szalagfureszekhez-68757-x-127-x-051-mm/
990,"https://hu.milwaukeetool.eu/hu-hu/szalag-hossza-1139,83-mm/"
991,"https://hu.milwaukeetool.eu/hu-hu/szalag-hossza-898,52-mm/"
992,"https://hu.milwaukeetool.eu/hu-hu/szalag-hossza-687,57-mm/"
993,https://hu.milwaukeetool.eu/hu-hu/speedcross-add/
994,https://hu.milwaukeetool.eu/hu-hu/gyemant-vagotarcsa-sudd/
995,https://hu.milwaukeetool.eu/hu-hu/premium-steelhead-vagotarcsa-350-mm/
996,https://hu.milwaukeetool.eu/hu-hu/dhmm-gyemant-vagotarcsa/
997,https://hu.milwaukeetool.eu/hu-hu/karbid-vagokorong-76-mm/
998,https://hu.milwaukeetool.eu/hu-hu/speedcross-hudd/
999,https://hu.milwaukeetool.eu/hu-hu/speedcross-audd/
1000,https://hu.milwaukeetool.eu/hu-hu/du-gyemanttarcsak/
1001,https://hu.milwaukeetool.eu/hu-hu/dut-gyemant-vagotarcsak/
1002,https://hu.milwaukeetool.eu/hu-hu/duh-gyemant-vagotarcsak/
1003,https://hu.milwaukeetool.eu/hu-hu/dhts-gyemant-vagotarcsak/
1004,https://hu.milwaukeetool.eu/hu-hu/dhti-gyemanttarcsak/
1005,https://hu.milwaukeetool.eu/hu-hu/dsu-gyemanttarcsak/
1006,https://hu.milwaukeetool.eu/hu-hu/fureszlapok-fahoz/
1007,https://hu.milwaukeetool.eu/hu-hu/fureszlap-univerzalis-anyagokhoz/
1008,"https://hu.milwaukeetool.eu/hu-hu/fugaeltavolito-es-habarcs,-csemperagaszto-eltavolito-fureszlap/"
1009,https://hu.milwaukeetool.eu/hu-hu/kaparo-es-vago/
1010,https://hu.milwaukeetool.eu/hu-hu/multi-tool-keszletek/
1011,https://hu.milwaukeetool.eu/hu-hu/tartozekok-tobbfunkcios-gepekhez/
1012,https://hu.milwaukeetool.eu/hu-hu/csiszolopapir-a-multifunkcios-gephez/
1013,https://hu.milwaukeetool.eu/hu-hu/sanding-pad/
1014,https://hu.milwaukeetool.eu/hu-hu/kerekek-m12-raptor-csovago-rozsdamentes-acelhoz-2db/
1015,https://hu.milwaukeetool.eu/hu-hu/vagokesek-m18-bltrc-menetesszar-vagohoz/
1016,https://hu.milwaukeetool.eu/hu-hu/kabelvago-pengek-m18-hcct-hez/
1017,https://hu.milwaukeetool.eu/791/
1018,https://hu.milwaukeetool.eu/hu-hu/cable-cutter-jaws-and-blades-for-m18-hcc-onehcc/
1019,https://hu.milwaukeetool.eu/hu-hu/pipe-cutter-wheels-suitable-for-copper-pipe-not-suitable-for-plastic-or-stainless-steel-pipe/
1020,"https://hu.milwaukeetool.eu/rendszertartozekok-elek-kabelvagohoz,-alkalmas-m18-hccac-m18-hccs/"
1021,https://hu.milwaukeetool.eu/hu-hu/pex-vagopenge/
1022,https://hu.milwaukeetool.eu/hu-hu/rendszertartozekok-kabelvago-pengek-m18-hcc75-foldalatti-kabelvagohoz/
1023,https://hu.milwaukeetool.eu/hu-hu/rendszertartozekok-kabelvago-kesek-m18-hcc45-hoz/
1024,https://hu.milwaukeetool.eu/prislusenstvi/rezani/rezaky-na-kabely-a%c2%a0trubky/cable-cutter-blades/
1025,https://hu.milwaukeetool.eu/hu-hu/felsomaro-keszlet-12-reszes/
1026,https://hu.milwaukeetool.eu/hu-hu/6-152-mm-fureszlanc/
1027,https://hu.milwaukeetool.eu/hu-hu/12-3048-mm-saw-chain/
1028,https://hu.milwaukeetool.eu/hu-hu/10-254-mm-saw-chain/
1029,https://hu.milwaukeetool.eu/hu-hu/16-4064-mm-saw-chain/
1030,https://hu.milwaukeetool.eu/prislusenstvi/rezani/mitre-saw-blades/circular-saw-blades-for-mitre-saws-next-gen/
1031,https://hu.milwaukeetool.eu/prislusenstvi/rezani/table-saw-blades/circular-saw-blades-for-table-saws-next-gen/
1032,https://hu.milwaukeetool.eu/prislusenstvi/rezani/table-saw-blades/circular-saw-blades-for-table-saws/
1033,https://hu.milwaukeetool.eu/hu-hu/rubber-sleeves-for-grinders/
1034,https://hu.milwaukeetool.eu/hu-hu/dust-guard-for-cutting/
1035,https://hu.milwaukeetool.eu/hu-hu/fixtec-szoritoanya/
1036,https://hu.milwaukeetool.eu/hu-hu/tarcsa-vedoburkolatok-es-porelszivo-vedoburkolatok/
1037,https://hu.milwaukeetool.eu/hu-hu/porelvezetok/
1038,https://hu.milwaukeetool.eu/hu-hu/rendszertartozekok-sarokcsiszolo-gepek/
1039,https://hu.milwaukeetool.eu/hu-hu/8960;-8-mm-collet/
1040,https://hu.milwaukeetool.eu/124/
1041,https://hu.milwaukeetool.eu/162/
1042,https://hu.milwaukeetool.eu/hu-hu/szorito/
1043,https://hu.milwaukeetool.eu/hu-hu/rendszertartozekok-szalagcsiszologepek/
1044,https://hu.milwaukeetool.eu/193/
1045,https://hu.milwaukeetool.eu/hu-hu/rendszertartozekok-lapostiplimarok/
1046,"https://hu.milwaukeetool.eu/hu-hu/kabelbehuzo,-nem-vezeto-szalaggal/"
1047,"https://hu.milwaukeetool.eu/hu-hu/kabelbehuzo-dob,-horganyzott-acel-kabellel/"
1048,https://hu.milwaukeetool.eu/hu-hu/310-ml-standard-carriage-accepts-all-standard-250-ml-and-310-ml-tubes-cartridges/
1049,https://hu.milwaukeetool.eu/hu-hu/310-ml-aluminium-sausage-tube-barrel-accepts-standard-310-ml-8220;sausage-style-8221;-material-packs-and-380-ml-cartridges-requires-plunger-rod-49520660/
1050,https://hu.milwaukeetool.eu/hu-hu/plunger-rod-assembly-for-310-ml-carriage-for-use-with-48080900-310-ml-standard-carriage/
1051,https://hu.milwaukeetool.eu/hu-hu/piston-for-carriage-assemblies/
1052,https://hu.milwaukeetool.eu/hu-hu/replacement-nozzle/
1053,https://hu.milwaukeetool.eu/hu-hu/precizios-fogaskoszorus-tokmanyok/
1054,https://hu.milwaukeetool.eu/hu-hu/precizios-fogaskoszorus-tokmanyok-%c2%bc-hex-befogoveggel/
1055,https://hu.milwaukeetool.eu/hu-hu/kulcsnelkuli-tokmanyok/
1056,https://hu.milwaukeetool.eu/hu-hu/kulcsnelkuli-tokmanyok-fixtec-gepekhez/
1057,https://hu.milwaukeetool.eu/hu-hu/ipari-gyorstokmany-utvefurogepekhez/
1058,https://hu.milwaukeetool.eu/hu-hu/tokmanyokhoz-valo-egyeb-tartozekok/
1059,https://hu.milwaukeetool.eu/hu-hu/tokmanykulcsok-es-tartozekok/
1060,https://hu.milwaukeetool.eu/hu-hu/fixtec-sds-plus/
1061,https://hu.milwaukeetool.eu/hu-hu/fixtec-1-2-8243;-x-20-unf/
1062,https://hu.milwaukeetool.eu/hu-hu/sds-plus-1-2-8243;-x-20-unf/
1063,https://hu.milwaukeetool.eu/hu-hu/fogaskoszorus-tokmany-specialis-gepekkel-hasznalhato/
1064,https://hu.milwaukeetool.eu/hu-hu/kulcsnelkuli-tokmanyok-specialis-gepekkel-hasznalhato/
1065,https://hu.milwaukeetool.eu/hu-hu/guide-rail-clamps/
1066,https://hu.milwaukeetool.eu/hu-hu/guide-rail-joining-bars/
1067,https://hu.milwaukeetool.eu/hu-hu/replacement-guide-rail-splinter-strip/
1068,https://hu.milwaukeetool.eu/hu-hu/guide-rail-bag/
1069,https://hu.milwaukeetool.eu/hu-hu/replacement-low-friction-strip/
1070,https://hu.milwaukeetool.eu/hu-hu/guide-rail-gru-1400-1400-mm-long-supplied-with-carry-bag/
1071,https://hu.milwaukeetool.eu/hu-hu/parallel-guide-fence/
1072,https://hu.milwaukeetool.eu/hu-hu/dek26-porelszivo-rendszer-ms-216-gepfureszhez/
1073,https://hu.milwaukeetool.eu/hu-hu/crimping-dies-nfe/
1074,https://hu.milwaukeetool.eu/hu-hu/din22-cu-crimping-die-kit-for-m18-hcct/
1075,https://hu.milwaukeetool.eu/hu-hu/din22-al-crimping-die-kit-for-m18-hcct/
1076,https://hu.milwaukeetool.eu/hu-hu/r22-cu-crimping-die-kit-for-m18-hcct/
1077,https://hu.milwaukeetool.eu/hu-hu/din13-cu-crimping-die-kit-for-m18-hcct109-42/
1078,https://hu.milwaukeetool.eu/hu-hu/din13-al-crimping-die-kit-for-m18-hcct109-42/
1079,https://hu.milwaukeetool.eu/hu-hu/r13-cu-crimping-die-kit-for-m18-hcct109-42/
1080,https://hu.milwaukeetool.eu/hu-hu/krimpelo-betetek-aeh/
1081,https://hu.milwaukeetool.eu/hu-hu/krimpelo-betetek-dp/
1082,https://hu.milwaukeetool.eu/hu-hu/krimpelo-betetek-hah/
1083,https://hu.milwaukeetool.eu/hu-hu/krimpelo-betetek-c/
1084,https://hu.milwaukeetool.eu/hu-hu/krimpelo-betetek-l/
1085,https://hu.milwaukeetool.eu/hu-hu/tarolo-doboz-krimpelo-pofakhoz/
1086,https://hu.milwaukeetool.eu/hu-hu/krimpelo-betetek-nf/
1087,https://hu.milwaukeetool.eu/hu-hu/krimpelo-betetek-din/
1088,https://hu.milwaukeetool.eu/hu-hu/krimpelo-betetek-q/
1089,https://hu.milwaukeetool.eu/hu-hu/crimping-dies-din-aluminium/
1090,https://hu.milwaukeetool.eu/hu-hu/krimpelo-betetek-ru/
1091,https://hu.milwaukeetool.eu/hu-hu/krimpelo-betetek-r/
1092,https://hu.milwaukeetool.eu/hu-hu/betonvibrator-ostorok/
1093,https://hu.milwaukeetool.eu/hu-hu/betonvibrator-fejek/
1094,https://hu.milwaukeetool.eu/hu-hu/mx-fuel-vezetokocsi-darabolohoz/
1095,https://hu.milwaukeetool.eu/hu-hu/mx-fuel-furoallvany-gyemantfurohoz/
1096,https://hu.milwaukeetool.eu/prislusenstvi/specialni-nastavce-k%c2%a0naradi/drill-stands/brt/
1097,https://hu.milwaukeetool.eu/hu-hu/grease/
1098,https://hu.milwaukeetool.eu/hu-hu/csomenetvago-adapterkeszlet-a-ridgid-11-r-modellhez/
1099,https://hu.milwaukeetool.eu/hu-hu/csomenetvago-adapterkeszlet-a-rems-modellekhez/
1100,https://hu.milwaukeetool.eu/hu-hu/csomenetvago-adapterkeszlet-a-rothenberger-160;modellekhez/
1101,https://hu.milwaukeetool.eu/hu-hu/kozepes-tomlovezeto/
1102,https://hu.milwaukeetool.eu/hu-hu/kis-tomlovezeto/
1103,https://hu.milwaukeetool.eu/hu-hu/rugotisztito/
1104,https://hu.milwaukeetool.eu/hu-hu/buzoganyfeju-csotisztito/
1105,https://hu.milwaukeetool.eu/hu-hu/mx-dob-tomlovezeto/
1106,https://hu.milwaukeetool.eu/hu-hu/switch-pack-alaplemez-automatikus-adagolohoz/
1107,https://hu.milwaukeetool.eu/hu-hu/m18-fuel-sectional-sewer-machine-spirals/
1108,https://hu.milwaukeetool.eu/hu-hu/kabeldob/
1109,https://hu.milwaukeetool.eu/hu-hu/nagy-tomlovezeto/
1110,https://hu.milwaukeetool.eu/hu-hu/egyenes-auger-bit-sd/
1111,https://hu.milwaukeetool.eu/hu-hu/zsirvago-fej-sd/
1112,https://hu.milwaukeetool.eu/hu-hu/furofej-sm/
1113,https://hu.milwaukeetool.eu/hu-hu/tolcseres-furo/
1114,https://hu.milwaukeetool.eu/hu-hu/tisztitofej-keszlet-sm/
1115,https://hu.milwaukeetool.eu/hu-hu/csatlakoztathato-spiralok-sm/
1116,https://hu.milwaukeetool.eu/hu-hu/furofej-sd/
1117,https://hu.milwaukeetool.eu/hu-hu/zsirvagok/
1118,https://hu.milwaukeetool.eu/hu-hu/gyokervago-sd/
1119,https://hu.milwaukeetool.eu/hu-hu/gyokervago/
1120,https://hu.milwaukeetool.eu/hu-hu/egyenes-auger-fej/
1121,https://hu.milwaukeetool.eu/hu-hu/m18-freestanding-drain-cleaner-spirals/
1122,https://hu.milwaukeetool.eu/hu-hu/penges-vago-sd/
1123,https://hu.milwaukeetool.eu/hu-hu/switch-pack-dob/
1124,https://hu.milwaukeetool.eu/hu-hu/m18-pf-lefolyocsotisztito-tartozekok/
1125,https://hu.milwaukeetool.eu/hu-hu/buzoganyfeju-acelkabel-hh/
1126,https://hu.milwaukeetool.eu/hu-hu/rendszertartozekok-m12-futheto-kabat/
1127,https://hu.milwaukeetool.eu/hu-hu/m12-air-tip-szivofej/
1128,https://hu.milwaukeetool.eu/hu-hu/sds-max-porelszivo/
1129,https://hu.milwaukeetool.eu/hu-hu/sds-plus-porelszivo/
1130,https://hu.milwaukeetool.eu/hu-hu/fem-tolokar/
1131,https://hu.milwaukeetool.eu/hu-hu/8960;-35-mm-floor-nozzle-with-brush-strips/
1132,https://hu.milwaukeetool.eu/hu-hu/filter-bags/
1133,https://hu.milwaukeetool.eu/hu-hu/8960;-50-mm-suction-tube/
1134,https://hu.milwaukeetool.eu/hu-hu/adaptor-for-direct-connection-of-suction-hose-330552/
1135,https://hu.milwaukeetool.eu/hu-hu/filter-cartridges/
1136,https://hu.milwaukeetool.eu/hu-hu/disposable-bags/
1137,https://hu.milwaukeetool.eu/hu-hu/8960;-50-mm-to-8960;-35-mm-reduction-sleeve/
1138,https://hu.milwaukeetool.eu/hu-hu/toldotomlok/
1139,https://hu.milwaukeetool.eu/hu-hu/tarto/
1140,"https://hu.milwaukeetool.eu/hu-hu/1,8-m-kontroller-hosszabbito-kabel/"
1141,https://hu.milwaukeetool.eu/hu-hu/rubber-sleeves-for-ratchets/
1142,https://hu.milwaukeetool.eu/hu-hu/rendszertartozekok-utvecsavarozok/
1143,https://hu.milwaukeetool.eu/hu-hu/gumi-vedohuvely/
1144,https://hu.milwaukeetool.eu/hu-hu/szennyvizcsatorna-vizsgalo-tablettarto/
1145,https://hu.milwaukeetool.eu/hu-hu/hosszabito-kabelek/
1146,https://hu.milwaukeetool.eu/hu-hu/replacement-digital-camera-cable/
1147,https://hu.milwaukeetool.eu/hu-hu/rendszertartozekok-szurofureszek/
1148,"https://hu.milwaukeetool.eu/hu-hu/felszakadas-gatlo-egy-keszletben-3-db,-megakadalyozza-a-vagoszelen-a-szamottevo-felszakadast/"
1149,https://hu.milwaukeetool.eu/prislusenstvi/specialni-nastavce-k%c2%a0naradi/vykruzovace-otvoru/knock-out-punch-and-dies/
1150,https://hu.milwaukeetool.eu/hu-hu/befogok/
1151,https://hu.milwaukeetool.eu/hu-hu/oil-cup-assembly/
1152,https://hu.milwaukeetool.eu/hu-hu/oil-feed-ring/
1153,https://hu.milwaukeetool.eu/hu-hu/punch/
1154,https://hu.milwaukeetool.eu/hu-hu/special-die-especially-designed-for-cutting-corrugated-steel-max-cutting-capacity-15-mm/
1155,https://hu.milwaukeetool.eu/hu-hu/gyalugep-kesek/
1156,https://hu.milwaukeetool.eu/hu-hu/gyalugep-tartozekok/
1157,https://hu.milwaukeetool.eu/prislusenstvi/specialni-nastavce-k%c2%a0naradi/mitre-saws-and-stands/msuv-280-(1)/
1158,https://hu.milwaukeetool.eu/prislusenstvi/specialni-nastavce-k%c2%a0naradi/mitre-saws-and-stands/msl-2000-(1)/
1159,https://hu.milwaukeetool.eu/prislusenstvi/specialni-nastavce-k%c2%a0naradi/mitre-saws-and-stands/msl-3000/
1160,https://hu.milwaukeetool.eu/hu-hu/2-m-ig-meghosszabithato-gervago-allvany/
1161,https://hu.milwaukeetool.eu/hu-hu/lezer-detektor/
1162,https://hu.milwaukeetool.eu/hu-hu/vonal-forgolezer-detektor/
1163,"https://hu.milwaukeetool.eu/hu-hu/1,8-meteres,-haromlabu-lezerallvany/"
1164,"https://hu.milwaukeetool.eu/hu-hu/12-meteres,-haromlabu-lezerallvany/"
1165,https://hu.milwaukeetool.eu/hu-hu/360-176;-tartokonzol-lezerhez/
1166,https://hu.milwaukeetool.eu/hu-hu/jo-lathatosagu-lezer-celtargy-lemez/
1167,https://hu.milwaukeetool.eu/hu-hu/cutting-table-blade-four-sided-blade/
1168,https://hu.milwaukeetool.eu/hu-hu/replacement-shear-head-assembly/
1169,https://hu.milwaukeetool.eu/hu-hu/aidt/
1170,https://hu.milwaukeetool.eu/hu-hu/de16-univerzalis-vakuumos-porelszivo/
1171,https://hu.milwaukeetool.eu/hu-hu/m12deac-porelszivo-a-12v-kalapacshoz/
1172,https://hu.milwaukeetool.eu/hu-hu/quik-lok-kabelek/
1173,https://hu.milwaukeetool.eu/hu-hu/plunge-base/
1174,https://hu.milwaukeetool.eu/hu-hu/router-collet/
1175,https://hu.milwaukeetool.eu/hu-hu/trb-1/
1176,https://hu.milwaukeetool.eu/hu-hu/rendszer-tartozekok-egyenes-csiszolok/
1177,https://hu.milwaukeetool.eu/hu-hu/sawzall-csobilincs/
1178,https://hu.milwaukeetool.eu/hu-hu/clamp/
1179,https://hu.milwaukeetool.eu/prislusenstvi/specialni-nastavce-k%c2%a0naradi/pex-cutter/pex-cutter-blades/
1180,https://hu.milwaukeetool.eu/hu-hu/m12fpdx-ck/
1181,https://hu.milwaukeetool.eu/hu-hu/m12fpdx-raa/
1182,https://hu.milwaukeetool.eu/hu-hu/m12fpdx-oa/
1183,https://hu.milwaukeetool.eu/hu-hu/screw-gun-system-accessories/
1184,https://hu.milwaukeetool.eu/hu-hu/rendszertartozekok-csavarozogepek/
1185,https://hu.milwaukeetool.eu/hu-hu/m12-bddx-oa-pozicionalt-csavarozo-fej-csavarozasi-alkalmazasokhoz/
1186,https://hu.milwaukeetool.eu/hu-hu/m12-bddx-raa-sarokcsavarozo-fej/
1187,https://hu.milwaukeetool.eu/hu-hu/leveheto-tokmany-a-m12-bddx-hez/
1188,https://hu.milwaukeetool.eu/hu-hu/univerzalis-sarokfuro-adapter/
1189,https://hu.milwaukeetool.eu/hu-hu/system-attachments-random-orbital-sanders/
1190,https://hu.milwaukeetool.eu/hu-hu/alkatreszek-villamosenergia-meromuszerek/
1191,https://hu.milwaukeetool.eu/hu-hu/krokodil-csipeszek/
1192,https://hu.milwaukeetool.eu/hu-hu/szerszamkofferek/
1193,https://hu.milwaukeetool.eu/hu-hu/spacer-set-contents-6-rings/
1194,https://hu.milwaukeetool.eu/hu-hu/t-handle-key/
1195,https://hu.milwaukeetool.eu/hu-hu/flange-nut/
1196,https://hu.milwaukeetool.eu/hu-hu/clamping-flange/
1197,https://hu.milwaukeetool.eu/hu-hu/adaptor-with-bayonet-fitting-for-direct-connection-of-hose-to-machine/
1198,https://hu.milwaukeetool.eu/hu-hu/m18-fuel-one-key-asztali-korfuresz/
1199,https://hu.milwaukeetool.eu/hu-hu/allvany-asztali-korfureszhez/
1200,https://hu.milwaukeetool.eu/hu-hu/geberit-mapress-press-jaws/
1201,https://hu.milwaukeetool.eu/hu-hu/press-jaw-geberit-mepla/
1202,https://hu.milwaukeetool.eu/hu-hu/ring-jaw-geberit-mepla/
1203,https://hu.milwaukeetool.eu/hu-hu/geberit-flowfit-press-jaws/
1204,https://hu.milwaukeetool.eu/hu-hu/prespofak/
1205,https://hu.milwaukeetool.eu/hu-hu/press-tool-adaptors/
1206,https://hu.milwaukeetool.eu/hu-hu/m18-one-key-fuel-rivet-tool-jaw-replacement-set/
1207,https://hu.milwaukeetool.eu/hu-hu/szegecshuzo-fej-keszlet-m18-fuel-popszegecshuzohoz-one-key-technologiaval/
1208,https://hu.milwaukeetool.eu/hu-hu/szegecshuzo-szar-m18-fuel-popszegecshuzohoz-one-key-technologiaval/
1209,https://hu.milwaukeetool.eu/hu-hu/m12-szegecshuzo-fej-keszlet/
1210,https://hu.milwaukeetool.eu/hu-hu/extension-nose/
1211,https://hu.milwaukeetool.eu/hu-hu/switch-pack-automatikus-adagolas/
1212,https://hu.milwaukeetool.eu/hu-hu/switch-pack-tomlovezeto/
1213,https://hu.milwaukeetool.eu/hu-hu/csoallvany-tartozekok/
1214,https://hu.milwaukeetool.eu/prislusenstvi/specialni-nastavce-k%c2%a0naradi/pipe-stands/mps/
1215,https://hu.milwaukeetool.eu/hu-hu/guide-bars-3/
1216,https://hu.milwaukeetool.eu/hu-hu/guide-bars-1/
1217,https://hu.milwaukeetool.eu/hu-hu/guide-bars/
1218,https://hu.milwaukeetool.eu/hu-hu/guide-bars-2/
1219,https://hu.milwaukeetool.eu/hu-hu/saw-chains/
1220,https://hu.milwaukeetool.eu/hu-hu/lawn-mower-covers/
1221,https://hu.milwaukeetool.eu/hu-hu/mower-blades/
1222,https://hu.milwaukeetool.eu/hu-hu/rendszertartozekok-szegelynyirok/
1223,https://hu.milwaukeetool.eu/prislusenstvi/outdoor-power-equipment-accessories/outdoor-power-head/m18-foph-hta/
1224,https://hu.milwaukeetool.eu/prislusenstvi/outdoor-power-equipment-accessories/outdoor-power-head/m18-foph-ea/
1225,https://hu.milwaukeetool.eu/prislusenstvi/outdoor-power-equipment-accessories/outdoor-power-head/saw-chain-3-8/
1226,https://hu.milwaukeetool.eu/prislusenstvi/outdoor-power-equipment-accessories/outdoor-power-head/m18-foph-lta/
1227,https://hu.milwaukeetool.eu/prislusenstvi/outdoor-power-equipment-accessories/outdoor-power-head/m18-foph-csa-(1)/
1228,https://hu.milwaukeetool.eu/hu-hu/cserelheto-kes/
1229,https://hu.milwaukeetool.eu/prislusenstvi/outdoor-power-equipment-accessories/outdoor-power-head/m18-foph-exa/
